-- phpMyAdmin SQL Dump
-- version 5.1.0
-- https://www.phpmyadmin.net/
--
-- Host: 127.0.0.1
-- Generation Time: Sep 17, 2022 at 08:38 PM
-- Server version: 10.4.18-MariaDB
-- PHP Version: 7.4.16

SET SQL_MODE = "NO_AUTO_VALUE_ON_ZERO";
START TRANSACTION;
SET time_zone = "+00:00";


/*!40101 SET @OLD_CHARACTER_SET_CLIENT=@@CHARACTER_SET_CLIENT */;
/*!40101 SET @OLD_CHARACTER_SET_RESULTS=@@CHARACTER_SET_RESULTS */;
/*!40101 SET @OLD_COLLATION_CONNECTION=@@COLLATION_CONNECTION */;
/*!40101 SET NAMES utf8mb4 */;

--
-- Database: `eshop`
--

-- --------------------------------------------------------

--
-- Table structure for table `addresses`
--

CREATE TABLE `addresses` (
  `id` int(11) NOT NULL,
  `user_id` int(11) NOT NULL,
  `name` varchar(64) COLLATE utf8mb4_unicode_ci DEFAULT NULL,
  `type` varchar(32) COLLATE utf8mb4_unicode_ci DEFAULT NULL,
  `mobile` varchar(24) COLLATE utf8mb4_unicode_ci DEFAULT NULL,
  `alternate_mobile` varchar(24) COLLATE utf8mb4_unicode_ci DEFAULT NULL,
  `address` mediumtext COLLATE utf8mb4_unicode_ci DEFAULT NULL,
  `landmark` varchar(128) COLLATE utf8mb4_unicode_ci DEFAULT NULL,
  `area_id` int(11) DEFAULT NULL,
  `city_id` int(11) DEFAULT NULL,
  `pincode` varchar(512) COLLATE utf8mb4_unicode_ci DEFAULT NULL,
  `country_code` int(11) DEFAULT NULL,
  `state` varchar(64) COLLATE utf8mb4_unicode_ci DEFAULT NULL,
  `country` varchar(64) COLLATE utf8mb4_unicode_ci DEFAULT NULL,
  `latitude` varchar(64) COLLATE utf8mb4_unicode_ci DEFAULT NULL,
  `longitude` varchar(64) COLLATE utf8mb4_unicode_ci DEFAULT NULL,
  `is_default` int(11) NOT NULL DEFAULT 0
) ENGINE=InnoDB DEFAULT CHARSET=utf8mb4 COLLATE=utf8mb4_unicode_ci;

--
-- Dumping data for table `addresses`
--

INSERT INTO `addresses` (`id`, `user_id`, `name`, `type`, `mobile`, `alternate_mobile`, `address`, `landmark`, `area_id`, `city_id`, `pincode`, `country_code`, `state`, `country`, `latitude`, `longitude`, `is_default`) VALUES
(1, 1, 'sdaklkj', 'home', '5645564', '4654', '5ldsml;dk;s', NULL, 1, 1, '31111', 0, 'gh', 'Egypt', NULL, NULL, 0);

-- --------------------------------------------------------

--
-- Table structure for table `areas`
--

CREATE TABLE `areas` (
  `id` int(11) NOT NULL,
  `name` mediumtext COLLATE utf8mb4_unicode_ci NOT NULL,
  `city_id` int(11) NOT NULL,
  `zipcode_id` int(11) DEFAULT 0,
  `minimum_free_delivery_order_amount` double NOT NULL DEFAULT 100,
  `delivery_charges` double DEFAULT 0
) ENGINE=InnoDB DEFAULT CHARSET=utf8mb4 COLLATE=utf8mb4_unicode_ci;

--
-- Dumping data for table `areas`
--

INSERT INTO `areas` (`id`, `name`, `city_id`, `zipcode_id`, `minimum_free_delivery_order_amount`, `delivery_charges`) VALUES
(1, 'a', 1, 1, 100, 10);

-- --------------------------------------------------------

--
-- Table structure for table `attributes`
--

CREATE TABLE `attributes` (
  `id` int(11) NOT NULL,
  `attribute_set_id` int(11) NOT NULL,
  `name` varchar(256) COLLATE utf8mb4_unicode_ci NOT NULL,
  `type` varchar(64) COLLATE utf8mb4_unicode_ci DEFAULT NULL,
  `date_created` timestamp NOT NULL DEFAULT current_timestamp(),
  `status` tinyint(4) NOT NULL DEFAULT 0
) ENGINE=InnoDB DEFAULT CHARSET=utf8mb4 COLLATE=utf8mb4_unicode_ci;

--
-- Dumping data for table `attributes`
--

INSERT INTO `attributes` (`id`, `attribute_set_id`, `name`, `type`, `date_created`, `status`) VALUES
(1, 1, '.,m,.m', NULL, '2022-06-29 19:29:07', 1),
(2, 1, 'ppppppppp', NULL, '2022-06-30 16:52:07', 1),
(3, 2, 'ram', NULL, '2022-06-30 17:30:20', 1),
(4, 2, 'processoe', NULL, '2022-06-30 17:30:30', 1),
(5, 3, 'windows', NULL, '2022-06-30 17:30:35', 1),
(6, 3, 'office', NULL, '2022-06-30 17:30:39', 1),
(7, 2, 'lmk', NULL, '2022-07-01 19:36:07', 1),
(8, 4, 'ملازم', NULL, '2022-09-17 13:41:15', 1),
(9, 4, 'ورق', NULL, '2022-09-17 13:41:21', 1),
(10, 4, 'غلاف', NULL, '2022-09-17 13:41:26', 1);

-- --------------------------------------------------------

--
-- Table structure for table `attribute_set`
--

CREATE TABLE `attribute_set` (
  `id` int(11) NOT NULL,
  `name` varchar(256) COLLATE utf8mb4_unicode_ci NOT NULL,
  `status` tinyint(4) DEFAULT 1
) ENGINE=InnoDB DEFAULT CHARSET=utf8mb4 COLLATE=utf8mb4_unicode_ci;

--
-- Dumping data for table `attribute_set`
--

INSERT INTO `attribute_set` (`id`, `name`, `status`) VALUES
(1, 'lkklk', 1),
(2, 'hardware', 1),
(3, 'software', 1),
(4, 'Press', 1);

-- --------------------------------------------------------

--
-- Table structure for table `attribute_values`
--

CREATE TABLE `attribute_values` (
  `id` int(11) NOT NULL,
  `attribute_id` int(11) NOT NULL,
  `filterable` int(11) DEFAULT 0,
  `value` varchar(1024) COLLATE utf8mb4_unicode_ci NOT NULL,
  `swatche_type` varchar(512) COLLATE utf8mb4_unicode_ci DEFAULT NULL,
  `swatche_value` text COLLATE utf8mb4_unicode_ci DEFAULT NULL,
  `status` tinyint(4) NOT NULL
) ENGINE=InnoDB DEFAULT CHARSET=utf8mb4 COLLATE=utf8mb4_unicode_ci;

--
-- Dumping data for table `attribute_values`
--

INSERT INTO `attribute_values` (`id`, `attribute_id`, `filterable`, `value`, `swatche_type`, `swatche_value`, `status`) VALUES
(1, 1, 0, '655', '0', '', 1),
(2, 1, 0, '900', '0', '', 1),
(3, 2, 0, '1', '0', '', 1),
(4, 3, 0, '2', '0', '', 1),
(5, 3, 0, '4', '0', '', 1),
(6, 4, 0, '1', '0', '', 1),
(7, 4, 0, '2', '0', '', 1),
(8, 4, 0, '3', '0', '', 1),
(9, 5, 0, '7', '0', '', 1),
(10, 5, 0, '8', '0', '', 1),
(11, 5, 0, '9', '0', '', 1),
(12, 6, 0, '16', '0', '', 1),
(13, 6, 0, '17', '0', '', 1),
(14, 9, 0, '60', '0', '', 1),
(15, 8, 0, '70', '0', '', 1);

-- --------------------------------------------------------

--
-- Table structure for table `cart`
--

CREATE TABLE `cart` (
  `id` int(11) NOT NULL,
  `user_id` int(11) NOT NULL,
  `product_variant_id` int(11) NOT NULL,
  `qty` int(11) NOT NULL,
  `is_saved_for_later` int(11) NOT NULL DEFAULT 0,
  `date_created` timestamp NOT NULL DEFAULT current_timestamp()
) ENGINE=InnoDB DEFAULT CHARSET=utf8mb4 COLLATE=utf8mb4_unicode_ci;

--
-- Dumping data for table `cart`
--

INSERT INTO `cart` (`id`, `user_id`, `product_variant_id`, `qty`, `is_saved_for_later`, `date_created`) VALUES
(14, 1, 3, 1, 0, '2022-09-17 18:18:09'),
(15, 1, 7, 1, 0, '2022-09-17 18:24:17'),
(16, 1, 18, 4, 0, '2022-09-17 18:33:49');

-- --------------------------------------------------------

--
-- Table structure for table `categories`
--

CREATE TABLE `categories` (
  `id` int(11) NOT NULL,
  `name` varchar(256) COLLATE utf8mb4_unicode_ci NOT NULL,
  `parent_id` int(11) DEFAULT NULL,
  `slug` varchar(256) COLLATE utf8mb4_unicode_ci NOT NULL,
  `image` text COLLATE utf8mb4_unicode_ci NOT NULL,
  `banner` text COLLATE utf8mb4_unicode_ci DEFAULT NULL,
  `row_order` int(11) DEFAULT 0,
  `status` tinyint(4) DEFAULT NULL,
  `clicks` int(11) DEFAULT 0
) ENGINE=InnoDB DEFAULT CHARSET=utf8mb4 COLLATE=utf8mb4_unicode_ci;

--
-- Dumping data for table `categories`
--

INSERT INTO `categories` (`id`, `name`, `parent_id`, `slug`, `image`, `banner`, `row_order`, `status`, `clicks`) VALUES
(1, 'Uncategorized', 0, '', 'uploads/media/2020/', 'uploads/media/2020/', 0, NULL, 0),
(98, 'oioooo', 0, 'oioooo', 'uploads/media/2020/logo-460x11411.png', NULL, 0, 1, 22),
(99, 'comp', 98, 'comp', 'uploads/media/2020/logo-460x11411.png', NULL, 0, 1, 7),
(100, 'Press', 0, 'press', 'uploads/media/2022/ebook_icon.png', NULL, 0, 1, 7);

-- --------------------------------------------------------

--
-- Table structure for table `cities`
--

CREATE TABLE `cities` (
  `id` int(11) NOT NULL,
  `name` mediumtext COLLATE utf8mb4_unicode_ci NOT NULL
) ENGINE=InnoDB DEFAULT CHARSET=utf8mb4 COLLATE=utf8mb4_unicode_ci;

--
-- Dumping data for table `cities`
--

INSERT INTO `cities` (`id`, `name`) VALUES
(1, 'tanta'),
(2, 'cairo');

-- --------------------------------------------------------

--
-- Table structure for table `client_api_keys`
--

CREATE TABLE `client_api_keys` (
  `id` int(11) NOT NULL,
  `name` mediumtext COLLATE utf8mb4_unicode_ci DEFAULT NULL,
  `secret` mediumtext COLLATE utf8mb4_unicode_ci NOT NULL,
  `status` int(1) NOT NULL DEFAULT 1
) ENGINE=InnoDB DEFAULT CHARSET=utf8mb4 COLLATE=utf8mb4_unicode_ci;

--
-- Dumping data for table `client_api_keys`
--

INSERT INTO `client_api_keys` (`id`, `name`, `secret`, `status`) VALUES
(1, 'eShop App', '65c9cd19cd138f19ddf2f6320c7a802ee936c548', 1);

-- --------------------------------------------------------

--
-- Table structure for table `delivery_boy_notifications`
--

CREATE TABLE `delivery_boy_notifications` (
  `id` int(11) NOT NULL,
  `delivery_boy_id` int(11) NOT NULL,
  `order_id` int(11) NOT NULL,
  `title` mediumtext COLLATE utf8mb4_unicode_ci NOT NULL,
  `message` mediumtext COLLATE utf8mb4_unicode_ci NOT NULL,
  `type` varchar(56) COLLATE utf8mb4_unicode_ci NOT NULL,
  `date_created` timestamp NOT NULL DEFAULT current_timestamp()
) ENGINE=MyISAM DEFAULT CHARSET=utf8mb4 COLLATE=utf8mb4_unicode_ci;

-- --------------------------------------------------------

--
-- Table structure for table `faqs`
--

CREATE TABLE `faqs` (
  `id` int(11) NOT NULL,
  `question` mediumtext COLLATE utf8mb4_unicode_ci DEFAULT NULL,
  `answer` mediumtext COLLATE utf8mb4_unicode_ci DEFAULT NULL,
  `status` char(1) COLLATE utf8mb4_unicode_ci DEFAULT '1'
) ENGINE=InnoDB DEFAULT CHARSET=utf8mb4 COLLATE=utf8mb4_unicode_ci;

-- --------------------------------------------------------

--
-- Table structure for table `favorites`
--

CREATE TABLE `favorites` (
  `id` int(11) NOT NULL,
  `user_id` int(11) NOT NULL,
  `product_id` int(11) NOT NULL
) ENGINE=MyISAM DEFAULT CHARSET=utf8mb4 COLLATE=utf8mb4_unicode_ci;

--
-- Dumping data for table `favorites`
--

INSERT INTO `favorites` (`id`, `user_id`, `product_id`) VALUES
(1, 1, 5);

-- --------------------------------------------------------

--
-- Table structure for table `fund_transfers`
--

CREATE TABLE `fund_transfers` (
  `id` int(11) NOT NULL,
  `delivery_boy_id` int(11) NOT NULL,
  `opening_balance` double NOT NULL,
  `closing_balance` double NOT NULL,
  `amount` double NOT NULL,
  `status` varchar(28) COLLATE utf8mb4_unicode_ci DEFAULT NULL,
  `message` varchar(512) COLLATE utf8mb4_unicode_ci DEFAULT NULL,
  `date_created` timestamp NOT NULL DEFAULT current_timestamp()
) ENGINE=InnoDB DEFAULT CHARSET=utf8mb4 COLLATE=utf8mb4_unicode_ci;

-- --------------------------------------------------------

--
-- Table structure for table `groups`
--

CREATE TABLE `groups` (
  `id` mediumint(8) UNSIGNED NOT NULL,
  `name` varchar(20) COLLATE utf8mb4_unicode_ci NOT NULL,
  `description` varchar(100) COLLATE utf8mb4_unicode_ci NOT NULL
) ENGINE=InnoDB DEFAULT CHARSET=utf8mb4 COLLATE=utf8mb4_unicode_ci;

--
-- Dumping data for table `groups`
--

INSERT INTO `groups` (`id`, `name`, `description`) VALUES
(1, 'admin', 'Administrator'),
(2, 'members', 'General User'),
(3, 'delivery_boy', 'Delivery Boys');

-- --------------------------------------------------------

--
-- Table structure for table `languages`
--

CREATE TABLE `languages` (
  `id` int(11) NOT NULL,
  `language` varchar(128) DEFAULT NULL,
  `code` varchar(8) DEFAULT NULL,
  `is_rtl` tinyint(4) NOT NULL DEFAULT 0,
  `created_on` timestamp NOT NULL DEFAULT current_timestamp()
) ENGINE=InnoDB DEFAULT CHARSET=utf8;

--
-- Dumping data for table `languages`
--

INSERT INTO `languages` (`id`, `language`, `code`, `is_rtl`, `created_on`) VALUES
(1, 'English', 'en', 0, '2021-02-26 14:48:01'),
(2, 'Arabic', 'ar', 1, '2022-07-01 11:38:11');

-- --------------------------------------------------------

--
-- Table structure for table `login_attempts`
--

CREATE TABLE `login_attempts` (
  `id` int(11) UNSIGNED NOT NULL,
  `ip_address` varchar(45) COLLATE utf8mb4_unicode_ci NOT NULL,
  `login` varchar(100) COLLATE utf8mb4_unicode_ci NOT NULL,
  `time` int(11) UNSIGNED DEFAULT NULL
) ENGINE=InnoDB DEFAULT CHARSET=utf8mb4 COLLATE=utf8mb4_unicode_ci;

-- --------------------------------------------------------

--
-- Table structure for table `media`
--

CREATE TABLE `media` (
  `id` int(11) NOT NULL,
  `title` mediumtext COLLATE utf8mb4_unicode_ci NOT NULL,
  `name` mediumtext COLLATE utf8mb4_unicode_ci NOT NULL,
  `extension` varchar(16) COLLATE utf8mb4_unicode_ci NOT NULL,
  `type` varchar(16) COLLATE utf8mb4_unicode_ci NOT NULL,
  `sub_directory` mediumtext COLLATE utf8mb4_unicode_ci NOT NULL,
  `size` mediumtext COLLATE utf8mb4_unicode_ci NOT NULL,
  `date_created` timestamp NOT NULL DEFAULT current_timestamp() ON UPDATE current_timestamp()
) ENGINE=InnoDB DEFAULT CHARSET=utf8mb4 COLLATE=utf8mb4_unicode_ci;

--
-- Dumping data for table `media`
--

INSERT INTO `media` (`id`, `title`, `name`, `extension`, `type`, `sub_directory`, `size`, `date_created`) VALUES
(1, 'logo 460 x 11411', 'logo-460x11411.png', 'png', 'image', 'uploads/media/2020/', '32358', '2021-03-31 06:32:50'),
(2, 'favicon 64', 'favicon-64.png', 'png', 'image', 'uploads/media/2020/', '14131', '2021-03-31 06:34:15'),
(3, 'ebook_icon', 'ebook_icon.png', 'png', 'image', 'uploads/media/2022/', '268856', '2022-09-17 10:39:01'),
(4, 'ebook_icon1', 'ebook_icon1.png', 'png', 'image', 'uploads/media/2022/', '268856', '2022-09-17 10:40:12');

-- --------------------------------------------------------

--
-- Table structure for table `migrations`
--

CREATE TABLE `migrations` (
  `version` bigint(20) NOT NULL
) ENGINE=InnoDB DEFAULT CHARSET=utf8;

--
-- Dumping data for table `migrations`
--

INSERT INTO `migrations` (`version`) VALUES
(11);

-- --------------------------------------------------------

--
-- Table structure for table `notifications`
--

CREATE TABLE `notifications` (
  `id` int(11) NOT NULL,
  `title` varchar(128) COLLATE utf8mb4_unicode_ci NOT NULL,
  `message` varchar(512) COLLATE utf8mb4_unicode_ci NOT NULL,
  `type` varchar(12) COLLATE utf8mb4_unicode_ci NOT NULL,
  `type_id` int(11) NOT NULL DEFAULT 0,
  `image` varchar(128) COLLATE utf8mb4_unicode_ci DEFAULT NULL,
  `date_sent` timestamp NOT NULL DEFAULT current_timestamp()
) ENGINE=MyISAM DEFAULT CHARSET=utf8mb4 COLLATE=utf8mb4_unicode_ci;

--
-- Dumping data for table `notifications`
--

INSERT INTO `notifications` (`id`, `title`, `message`, `type`, `type_id`, `image`, `date_sent`) VALUES
(1, 'new order', '2', 'Press', 0, NULL, '2022-09-17 13:06:02'),
(2, 'new order', '2', 'Press', 0, NULL, '2022-09-17 18:10:27'),
(3, 'new order', '2', 'Press', 0, NULL, '2022-09-17 18:25:58'),
(4, 'new order', '2', 'Press', 0, NULL, '2022-09-17 18:26:05');

-- --------------------------------------------------------

--
-- Table structure for table `offers`
--

CREATE TABLE `offers` (
  `id` int(11) NOT NULL,
  `type` varchar(32) COLLATE utf8mb4_unicode_ci DEFAULT NULL,
  `type_id` int(11) DEFAULT 0,
  `image` varchar(256) COLLATE utf8mb4_unicode_ci NOT NULL,
  `date_added` timestamp NOT NULL DEFAULT current_timestamp()
) ENGINE=InnoDB DEFAULT CHARSET=utf8mb4 COLLATE=utf8mb4_unicode_ci;

--
-- Dumping data for table `offers`
--

INSERT INTO `offers` (`id`, `type`, `type_id`, `image`, `date_added`) VALUES
(1, 'default', 0, 'uploads/media/2020/logo-460x11411.png', '2022-06-30 17:50:25');

-- --------------------------------------------------------

--
-- Table structure for table `orders`
--

CREATE TABLE `orders` (
  `id` int(11) NOT NULL,
  `user_id` int(11) NOT NULL,
  `delivery_boy_id` int(11) DEFAULT NULL,
  `address_id` int(11) DEFAULT NULL,
  `mobile` varchar(12) COLLATE utf8mb4_unicode_ci NOT NULL,
  `total` double NOT NULL,
  `delivery_charge` double DEFAULT 0,
  `is_delivery_charge_returnable` tinyint(4) DEFAULT 0,
  `wallet_balance` double DEFAULT 0,
  `total_payable` double DEFAULT NULL,
  `promo_code` varchar(28) COLLATE utf8mb4_unicode_ci DEFAULT NULL,
  `promo_discount` double DEFAULT NULL,
  `discount` double DEFAULT 0,
  `final_total` double DEFAULT NULL,
  `payment_method` varchar(16) COLLATE utf8mb4_unicode_ci NOT NULL,
  `latitude` varchar(256) COLLATE utf8mb4_unicode_ci DEFAULT NULL,
  `longitude` varchar(256) COLLATE utf8mb4_unicode_ci DEFAULT NULL,
  `address` mediumtext COLLATE utf8mb4_unicode_ci DEFAULT NULL,
  `delivery_time` varchar(128) COLLATE utf8mb4_unicode_ci DEFAULT NULL,
  `delivery_date` date DEFAULT NULL,
  `status` varchar(1024) COLLATE utf8mb4_unicode_ci NOT NULL,
  `active_status` varchar(16) COLLATE utf8mb4_unicode_ci NOT NULL,
  `date_added` timestamp NOT NULL DEFAULT current_timestamp(),
  `otp` int(11) DEFAULT 0,
  `notes` varchar(512) COLLATE utf8mb4_unicode_ci DEFAULT NULL,
  `attachments` varchar(2048) COLLATE utf8mb4_unicode_ci DEFAULT NULL
) ENGINE=MyISAM DEFAULT CHARSET=utf8mb4 COLLATE=utf8mb4_unicode_ci;

--
-- Dumping data for table `orders`
--

INSERT INTO `orders` (`id`, `user_id`, `delivery_boy_id`, `address_id`, `mobile`, `total`, `delivery_charge`, `is_delivery_charge_returnable`, `wallet_balance`, `total_payable`, `promo_code`, `promo_discount`, `discount`, `final_total`, `payment_method`, `latitude`, `longitude`, `address`, `delivery_time`, `delivery_date`, `status`, `active_status`, `date_added`, `otp`, `notes`, `attachments`) VALUES
(1, 1, NULL, 1, '5645564', 300, 0, 0, 0, 0, '', 0, 0, 300, 'Paypal', '', '', '5ldsml;dk;s, a, tanta, gh, Egypt, 31111', NULL, NULL, '[[\"awaiting\",\"30-06-2022 10:02:02pm\"]]', 'awaiting', '2022-06-30 16:32:02', 156600, '', ''),
(2, 1, NULL, 1, '5645564', 200, 0, 0, 0, 200, '', 0, 0, 200, 'bank_transfer', '', '', '5ldsml;dk;s, a, tanta, gh, Egypt, 31111', NULL, NULL, '[[\"awaiting\",\"30-06-2022 10:28:21pm\"]]', 'awaiting', '2022-06-30 16:58:21', 748778, '', ''),
(3, 1, NULL, 1, '5645564', 8000, 0, 0, 0, 8000, '', 0, 0, 8000, 'bank_transfer', '', '', '5ldsml;dk;s, a, tanta, gh, Egypt, 31111', NULL, NULL, '[[\"awaiting\",\"30-06-2022 11:08:18pm\"]]', 'awaiting', '2022-06-30 17:38:18', 639806, '', ''),
(4, 143, NULL, NULL, '12345678', 1000, 0, 0, 0, 1000, '', 0, 0, 1000, 'COD', NULL, NULL, '', NULL, NULL, '[[\"delivered\",\"01-07-2022 05:10:27pm\"]]', 'delivered', '2022-07-01 11:40:27', 564539, NULL, ''),
(5, 1, NULL, 1, '5645564', 800, 0, 0, 0, 800, '', 0, 0, 800, 'bank_transfer', '', '', '5ldsml;dk;s, a, tanta, gh, Egypt, 31111', NULL, NULL, '[[\"awaiting\",\"01-07-2022 08:10:36pm\"]]', 'awaiting', '2022-07-01 14:40:36', 109715, '', '');

-- --------------------------------------------------------

--
-- Table structure for table `order_bank_transfer`
--

CREATE TABLE `order_bank_transfer` (
  `id` int(11) NOT NULL,
  `order_id` int(11) NOT NULL,
  `attachments` varchar(512) DEFAULT NULL,
  `status` tinyint(2) DEFAULT 0 COMMENT '0:pending|1:rejected|2:accepted',
  `date_created` timestamp NOT NULL DEFAULT current_timestamp()
) ENGINE=InnoDB DEFAULT CHARSET=utf8;

-- --------------------------------------------------------

--
-- Table structure for table `order_items`
--

CREATE TABLE `order_items` (
  `id` int(11) NOT NULL,
  `user_id` int(11) NOT NULL,
  `order_id` int(11) NOT NULL,
  `product_name` varchar(512) COLLATE utf8mb4_unicode_ci DEFAULT NULL,
  `variant_name` varchar(256) COLLATE utf8mb4_unicode_ci DEFAULT NULL,
  `product_variant_id` int(11) NOT NULL,
  `quantity` int(11) NOT NULL,
  `price` double NOT NULL,
  `discounted_price` double DEFAULT NULL,
  `tax_percent` double DEFAULT NULL,
  `tax_amount` double DEFAULT NULL,
  `discount` double DEFAULT 0,
  `sub_total` double NOT NULL,
  `deliver_by` varchar(128) COLLATE utf8mb4_unicode_ci DEFAULT NULL,
  `status` varchar(1024) COLLATE utf8mb4_unicode_ci NOT NULL,
  `active_status` varchar(16) COLLATE utf8mb4_unicode_ci NOT NULL,
  `date_added` timestamp NOT NULL DEFAULT current_timestamp()
) ENGINE=InnoDB DEFAULT CHARSET=utf8mb4 COLLATE=utf8mb4_unicode_ci;

--
-- Dumping data for table `order_items`
--

INSERT INTO `order_items` (`id`, `user_id`, `order_id`, `product_name`, `variant_name`, `product_variant_id`, `quantity`, `price`, `discounted_price`, `tax_percent`, `tax_amount`, `discount`, `sub_total`, `deliver_by`, `status`, `active_status`, `date_added`) VALUES
(1, 1, 1, 'ttt', '', 1, 6, 50, NULL, 0, 0, 0, 300, NULL, '[[\"awaiting\",\"30-06-2022 10:02:02pm\"]]', 'awaiting', '2022-06-30 16:32:02'),
(2, 1, 2, 'qqqqqqqq', '', 2, 2, 100, NULL, 0, 0, 0, 200, NULL, '[[\"awaiting\",\"30-06-2022 10:28:21pm\"]]', 'awaiting', '2022-06-30 16:58:21'),
(3, 1, 3, 'computer', '2, 2, 7', 10, 1, 8000, NULL, 0, 0, 0, 8000, NULL, '[[\"awaiting\",\"30-06-2022 11:08:18pm\"]]', 'awaiting', '2022-06-30 17:38:18'),
(4, 143, 4, 'computer', '2, 2, 9', 12, 1, 1000, NULL, 0, 0, 0, 1000, NULL, '[[\"delivered\",\"01-07-2022 05:10:27pm\"]]', 'delivered', '2022-07-01 11:40:27'),
(5, 1, 5, 'iii', '', 18, 2, 50, NULL, 0, 0, 0, 100, NULL, '[[\"awaiting\",\"01-07-2022 08:10:36pm\"]]', 'awaiting', '2022-07-01 14:40:36'),
(6, 1, 5, 'qqqqqqqq', '', 2, 1, 100, NULL, 0, 0, 0, 100, NULL, '[[\"awaiting\",\"01-07-2022 08:10:36pm\"]]', 'awaiting', '2022-07-01 14:40:36'),
(7, 1, 5, 'qqqqqqqq', '', 4, 1, 100, NULL, 0, 0, 0, 100, NULL, '[[\"awaiting\",\"01-07-2022 08:10:36pm\"]]', 'awaiting', '2022-07-01 14:40:36'),
(8, 1, 5, 'computer', '2, 3, 7', 13, 500, 1, NULL, 0, 0, 0, 500, NULL, '[[\"awaiting\",\"01-07-2022 08:10:36pm\"]]', 'awaiting', '2022-07-01 14:40:36');

-- --------------------------------------------------------

--
-- Table structure for table `order_tracking`
--

CREATE TABLE `order_tracking` (
  `id` int(11) NOT NULL,
  `order_id` int(11) NOT NULL,
  `courier_agency` varchar(20) DEFAULT NULL,
  `tracking_id` varchar(120) DEFAULT NULL,
  `url` varchar(256) DEFAULT NULL,
  `date_created` timestamp NOT NULL DEFAULT current_timestamp()
) ENGINE=InnoDB DEFAULT CHARSET=utf8;

-- --------------------------------------------------------

--
-- Table structure for table `payment_requests`
--

CREATE TABLE `payment_requests` (
  `id` int(11) NOT NULL,
  `user_id` int(11) NOT NULL,
  `payment_type` varchar(56) COLLATE utf8mb4_unicode_ci NOT NULL,
  `payment_address` varchar(1024) COLLATE utf8mb4_unicode_ci NOT NULL,
  `amount_requested` int(11) NOT NULL,
  `remarks` varchar(512) COLLATE utf8mb4_unicode_ci DEFAULT NULL,
  `status` tinyint(4) NOT NULL DEFAULT 0,
  `date_created` timestamp NOT NULL DEFAULT current_timestamp()
) ENGINE=InnoDB DEFAULT CHARSET=utf8mb4 COLLATE=utf8mb4_unicode_ci;

-- --------------------------------------------------------

--
-- Table structure for table `press`
--

CREATE TABLE `press` (
  `id` int(11) NOT NULL,
  `user_id` int(6) NOT NULL,
  `product_id` int(5) NOT NULL,
  `qty` int(7) NOT NULL,
  `address` varchar(5000) NOT NULL,
  `mobile` int(15) NOT NULL,
  `timestamp` datetime NOT NULL DEFAULT current_timestamp()
) ENGINE=InnoDB DEFAULT CHARSET=utf8;

--
-- Dumping data for table `press`
--

INSERT INTO `press` (`id`, `user_id`, `product_id`, `qty`, `address`, `mobile`, `timestamp`) VALUES
(1, 1, 2, 1, '', 0, '2022-09-17 18:27:35'),
(2, 1, 2, 7, '', 0, '2022-09-17 18:28:02'),
(3, 1, 2, 1, '', 0, '2022-09-17 18:32:27'),
(4, 1, 2, 1, '', 0, '2022-09-17 18:34:11'),
(5, 1, 2, 1, '', 0, '2022-09-17 18:36:02'),
(6, 1, 2, 1, '', 0, '2022-09-17 23:40:27'),
(7, 1, 2, 1, '', 0, '2022-09-17 23:55:58'),
(8, 1, 2, 1, '', 0, '2022-09-17 23:56:05');

-- --------------------------------------------------------

--
-- Table structure for table `products`
--

CREATE TABLE `products` (
  `id` int(11) NOT NULL,
  `product_identity` varchar(50) COLLATE utf8mb4_unicode_ci DEFAULT NULL,
  `category_id` int(11) NOT NULL,
  `tax` double DEFAULT NULL,
  `row_order` int(11) DEFAULT 0,
  `type` varchar(34) COLLATE utf8mb4_unicode_ci DEFAULT NULL,
  `stock_type` varchar(64) COLLATE utf8mb4_unicode_ci DEFAULT NULL COMMENT '0 =>''Simple_Product_Stock_Active'' 1 => "Product_Level" 1 => "Variable_Level"',
  `name` varchar(512) COLLATE utf8mb4_unicode_ci NOT NULL,
  `short_description` mediumtext COLLATE utf8mb4_unicode_ci DEFAULT NULL,
  `slug` varchar(512) COLLATE utf8mb4_unicode_ci NOT NULL,
  `indicator` tinyint(4) DEFAULT NULL COMMENT '0 - none | 1 - veg | 2 - non-veg',
  `cod_allowed` int(11) DEFAULT 1,
  `minimum_order_quantity` int(11) DEFAULT 1,
  `quantity_step_size` int(11) DEFAULT 1,
  `total_allowed_quantity` int(11) DEFAULT NULL,
  `is_prices_inclusive_tax` int(11) DEFAULT 0,
  `is_returnable` int(11) DEFAULT 0,
  `is_cancelable` int(11) DEFAULT 0,
  `cancelable_till` varchar(32) COLLATE utf8mb4_unicode_ci DEFAULT NULL,
  `is_attachment_required` tinyint(4) DEFAULT 0,
  `image` mediumtext COLLATE utf8mb4_unicode_ci NOT NULL,
  `other_images` mediumtext COLLATE utf8mb4_unicode_ci DEFAULT NULL,
  `video_type` varchar(32) COLLATE utf8mb4_unicode_ci DEFAULT NULL,
  `video` varchar(512) COLLATE utf8mb4_unicode_ci DEFAULT NULL,
  `tags` text COLLATE utf8mb4_unicode_ci DEFAULT NULL,
  `warranty_period` varchar(32) COLLATE utf8mb4_unicode_ci DEFAULT NULL,
  `guarantee_period` varchar(32) COLLATE utf8mb4_unicode_ci DEFAULT NULL,
  `made_in` varchar(128) COLLATE utf8mb4_unicode_ci DEFAULT NULL,
  `sku` varchar(128) COLLATE utf8mb4_unicode_ci DEFAULT NULL,
  `stock` int(11) DEFAULT NULL,
  `availability` tinyint(4) DEFAULT NULL,
  `rating` double DEFAULT 0,
  `no_of_ratings` int(11) DEFAULT 0,
  `description` mediumtext COLLATE utf8mb4_unicode_ci DEFAULT NULL,
  `deliverable_type` int(11) DEFAULT 1 COMMENT '(0:none, 1:all, 2:include, 3:exclude)',
  `deliverable_zipcodes` varchar(512) COLLATE utf8mb4_unicode_ci DEFAULT NULL,
  `status` int(2) DEFAULT 1,
  `date_added` timestamp NOT NULL DEFAULT current_timestamp()
) ENGINE=MyISAM DEFAULT CHARSET=utf8mb4 COLLATE=utf8mb4_unicode_ci;

--
-- Dumping data for table `products`
--

INSERT INTO `products` (`id`, `product_identity`, `category_id`, `tax`, `row_order`, `type`, `stock_type`, `name`, `short_description`, `slug`, `indicator`, `cod_allowed`, `minimum_order_quantity`, `quantity_step_size`, `total_allowed_quantity`, `is_prices_inclusive_tax`, `is_returnable`, `is_cancelable`, `cancelable_till`, `is_attachment_required`, `image`, `other_images`, `video_type`, `video`, `tags`, `warranty_period`, `guarantee_period`, `made_in`, `sku`, `stock`, `availability`, `rating`, `no_of_ratings`, `description`, `deliverable_type`, `deliverable_zipcodes`, `status`, `date_added`) VALUES
(1, '', 98, 0, 0, 'simple_product', NULL, 'ttt', 'ttttttt', 'ttt', 0, 0, 1, 1, NULL, 0, 0, 0, '', 0, 'uploads/media/2020/logo-460x11411.png', '[]', '', '', '', '', '', '', NULL, NULL, NULL, 0, 0, '', 1, NULL, 1, '2022-06-30 16:00:52'),
(2, '', 100, 0, 0, 'simple_product', NULL, 'booklet', 'qqqqqqqqqq', 'qqqqqqqq', 0, 0, 1, 1, NULL, 0, 0, 0, '', 0, 'uploads/media/2020/logo-460x11411.png', '[]', '', '', '', '', '', '', NULL, NULL, NULL, 0, 0, '', 1, NULL, 1, '2022-06-30 16:57:01'),
(3, '', 98, 0, 0, 'simple_product', NULL, 'qqqqqqqq', 'qqqqqqqqqq', 'qqqqqqqq-1', 0, 0, 1, 1, NULL, 0, 0, 0, '', 0, 'uploads/media/2020/logo-460x11411.png', '[]', '', '', '', '', '', '', NULL, NULL, NULL, 0, 0, '', 1, NULL, 1, '2022-06-30 16:57:02'),
(4, '', 98, 0, 0, 'simple_product', NULL, 'qqqqqqqq', 'qqqqqqqqqq', 'qqqqqqqq-2', 0, 0, 1, 1, NULL, 0, 0, 0, '', 0, 'uploads/media/2020/logo-460x11411.png', '[]', '', '', '', '', '', '', NULL, NULL, NULL, 0, 0, '', 1, NULL, 1, '2022-06-30 16:57:02'),
(5, '', 98, 0, 0, 'variable_product', NULL, 'lllllll', 'llllllllll', 'lllllll', 0, 0, 1, 1, NULL, 0, 0, 0, '', 0, 'uploads/media/2020/favicon-64.png', '[]', '', '', '', '', '', '', NULL, NULL, NULL, 0, 0, '', 1, NULL, 1, '2022-06-30 17:09:15'),
(6, '', 98, 0, 0, 'variable_product', '0', 'computer', 'comp', 'computer', 0, 0, 1, 1, NULL, 0, 0, 0, '', 0, 'uploads/media/2020/logo-460x11411.png', '[]', '', '', '', '', '', '', '112', 50, 1, 0, 0, '', 1, NULL, 1, '2022-06-30 17:35:47'),
(7, '', 99, 0, 0, 'simple_product', '0', 'iii', 'iii', 'iii', 0, 0, 1, 1, 50, 0, 0, 0, '', 0, 'uploads/media/2020/logo-460x11411.png', '[]', '', '', '', '', '', '', '1111', 700, 1, 0, 0, '', 1, NULL, 1, '2022-07-01 14:37:35'),
(8, '', 98, 0, 0, 'variable_product', NULL, 'mmmm', 'mmm', 'mmmm', 0, 0, 1, 1, NULL, 0, 0, 0, '', 0, 'uploads/media/2020/favicon-64.png', '[]', '', '', '', '', '', '', NULL, NULL, NULL, 0, 0, '', 1, NULL, 1, '2022-07-01 19:17:24'),
(9, '', 100, 0, 0, 'variable_product', NULL, 'books', 'jksajlj', 'books', 0, 0, 1, 1, NULL, 0, 0, 0, '', 0, 'uploads/media/2020/logo-460x11411.png', '[]', '', '', '', '', '', '', NULL, NULL, NULL, 0, 0, '', 1, NULL, 1, '2022-09-17 10:42:24');

-- --------------------------------------------------------

--
-- Table structure for table `product_attributes`
--

CREATE TABLE `product_attributes` (
  `id` int(11) NOT NULL,
  `product_id` int(11) NOT NULL,
  `attribute_value_ids` varchar(64) COLLATE utf8mb4_unicode_ci NOT NULL,
  `date_created` timestamp NOT NULL DEFAULT current_timestamp()
) ENGINE=InnoDB DEFAULT CHARSET=utf8mb4 COLLATE=utf8mb4_unicode_ci;

--
-- Dumping data for table `product_attributes`
--

INSERT INTO `product_attributes` (`id`, `product_id`, `attribute_value_ids`, `date_created`) VALUES
(1, 1, '1', '2022-06-30 16:00:52'),
(2, 2, '1,2', '2022-06-30 16:57:01'),
(3, 3, '1,2', '2022-06-30 16:57:02'),
(4, 4, '1,2', '2022-06-30 16:57:02'),
(5, 5, '1,2,3', '2022-06-30 17:09:15'),
(6, 6, '4,5,6,7,8,9,10,11', '2022-06-30 17:35:47'),
(7, 7, '', '2022-07-01 14:37:35'),
(8, 8, '4,5,7', '2022-07-01 19:17:24'),
(9, 9, '4,5', '2022-09-17 10:42:24');

-- --------------------------------------------------------

--
-- Table structure for table `product_rating`
--

CREATE TABLE `product_rating` (
  `id` int(11) NOT NULL,
  `user_id` int(11) NOT NULL,
  `product_id` int(11) NOT NULL,
  `rating` double NOT NULL DEFAULT 0,
  `images` mediumtext COLLATE utf8mb4_unicode_ci DEFAULT NULL,
  `comment` varchar(1024) COLLATE utf8mb4_unicode_ci DEFAULT NULL,
  `data_added` timestamp NOT NULL DEFAULT current_timestamp() ON UPDATE current_timestamp()
) ENGINE=InnoDB DEFAULT CHARSET=utf8mb4 COLLATE=utf8mb4_unicode_ci;

-- --------------------------------------------------------

--
-- Table structure for table `product_variants`
--

CREATE TABLE `product_variants` (
  `id` int(11) NOT NULL,
  `product_id` int(11) NOT NULL,
  `attribute_value_ids` text COLLATE utf8mb4_unicode_ci DEFAULT NULL,
  `attribute_set` varchar(1024) COLLATE utf8mb4_unicode_ci DEFAULT NULL,
  `price` double NOT NULL,
  `special_price` double DEFAULT 0,
  `sku` varchar(128) COLLATE utf8mb4_unicode_ci DEFAULT NULL,
  `stock` int(11) DEFAULT NULL,
  `images` text COLLATE utf8mb4_unicode_ci DEFAULT NULL,
  `availability` tinyint(4) DEFAULT NULL,
  `status` tinyint(4) NOT NULL DEFAULT 1,
  `date_added` timestamp NOT NULL DEFAULT current_timestamp()
) ENGINE=InnoDB DEFAULT CHARSET=utf8mb4 COLLATE=utf8mb4_unicode_ci;

--
-- Dumping data for table `product_variants`
--

INSERT INTO `product_variants` (`id`, `product_id`, `attribute_value_ids`, `attribute_set`, `price`, `special_price`, `sku`, `stock`, `images`, `availability`, `status`, `date_added`) VALUES
(1, 1, NULL, NULL, 50, 0, NULL, NULL, NULL, NULL, 1, '2022-06-30 16:00:52'),
(2, 2, NULL, NULL, 100, 0, NULL, NULL, NULL, NULL, 1, '2022-06-30 16:57:01'),
(3, 3, NULL, NULL, 100, 0, NULL, NULL, NULL, NULL, 1, '2022-06-30 16:57:02'),
(4, 4, NULL, NULL, 100, 0, NULL, NULL, NULL, NULL, 1, '2022-06-30 16:57:02'),
(5, 5, '1,3', NULL, 8000, 0, NULL, NULL, '[]', NULL, 1, '2022-06-30 17:09:15'),
(6, 5, '2,3', NULL, 1000, 0, NULL, NULL, '[]', NULL, 1, '2022-06-30 17:09:15'),
(7, 6, '4,6,9', NULL, 5000, 0, NULL, NULL, '[]', NULL, 1, '2022-06-30 17:35:47'),
(8, 6, '4,6,10', NULL, 6000, 0, NULL, NULL, '[]', NULL, 1, '2022-06-30 17:35:47'),
(9, 6, '4,6,11', NULL, 7000, 0, NULL, NULL, '[]', NULL, 1, '2022-06-30 17:35:47'),
(10, 6, '4,7,9', NULL, 8000, 0, NULL, NULL, '[]', NULL, 1, '2022-06-30 17:35:47'),
(11, 6, '4,7,10', NULL, 8900, 0, NULL, NULL, '[]', NULL, 1, '2022-06-30 17:35:47'),
(12, 6, '4,7,11', NULL, 1000, 0, NULL, NULL, '[]', NULL, 1, '2022-06-30 17:35:47'),
(13, 6, '4,8,9', NULL, 1, 0, NULL, NULL, '[]', NULL, 1, '2022-06-30 17:35:47'),
(14, 6, '4,8,10', NULL, 2, 0, NULL, NULL, '[]', NULL, 1, '2022-06-30 17:35:47'),
(15, 6, '4,8,11', NULL, 3, 0, NULL, NULL, '[]', NULL, 1, '2022-06-30 17:35:47'),
(16, 6, '5,7,10', NULL, 4, 0, NULL, NULL, '[]', NULL, 1, '2022-06-30 17:35:47'),
(17, 6, '5,8,11', NULL, 5, 0, NULL, NULL, '[]', NULL, 1, '2022-06-30 17:35:47'),
(18, 7, NULL, NULL, 50, 0, NULL, NULL, NULL, NULL, 1, '2022-07-01 14:37:35'),
(19, 8, '4,7', NULL, 1000, 0, NULL, NULL, '[]', NULL, 1, '2022-07-01 19:17:24'),
(20, 8, '5,7', NULL, 2000, 0, NULL, NULL, '[]', NULL, 1, '2022-07-01 19:17:24'),
(21, 9, '4', NULL, 50, 50, NULL, NULL, '[]', NULL, 1, '2022-09-17 10:42:24'),
(22, 9, '5', NULL, 100, 100, NULL, NULL, '[]', NULL, 1, '2022-09-17 10:42:24');

-- --------------------------------------------------------

--
-- Table structure for table `promo_codes`
--

CREATE TABLE `promo_codes` (
  `id` int(11) NOT NULL,
  `promo_code` varchar(28) COLLATE utf8mb4_unicode_ci NOT NULL,
  `message` varchar(512) COLLATE utf8mb4_unicode_ci DEFAULT NULL,
  `start_date` varchar(28) COLLATE utf8mb4_unicode_ci DEFAULT NULL,
  `end_date` varchar(28) COLLATE utf8mb4_unicode_ci DEFAULT NULL,
  `no_of_users` int(11) DEFAULT NULL,
  `minimum_order_amount` double DEFAULT NULL,
  `discount` double DEFAULT NULL,
  `discount_type` varchar(32) COLLATE utf8mb4_unicode_ci DEFAULT NULL,
  `max_discount_amount` double DEFAULT NULL,
  `repeat_usage` tinyint(4) NOT NULL,
  `no_of_repeat_usage` int(11) DEFAULT NULL,
  `image` varchar(256) COLLATE utf8mb4_unicode_ci DEFAULT NULL,
  `status` tinyint(4) NOT NULL,
  `is_cashback` tinyint(4) DEFAULT 0,
  `date_created` timestamp NOT NULL DEFAULT current_timestamp()
) ENGINE=InnoDB DEFAULT CHARSET=utf8mb4 COLLATE=utf8mb4_unicode_ci;

--
-- Dumping data for table `promo_codes`
--

INSERT INTO `promo_codes` (`id`, `promo_code`, `message`, `start_date`, `end_date`, `no_of_users`, `minimum_order_amount`, `discount`, `discount_type`, `max_discount_amount`, `repeat_usage`, `no_of_repeat_usage`, `image`, `status`, `is_cashback`, `date_created`) VALUES
(1, 'a1', 'discount', '2022-07-01', '2022-07-02', 6, 1, 30, 'percentage', 60, 0, NULL, 'uploads/media/2020/logo-460x11411.png', 1, 0, '2022-07-01 11:43:04');

-- --------------------------------------------------------

--
-- Table structure for table `return_requests`
--

CREATE TABLE `return_requests` (
  `id` int(11) NOT NULL,
  `user_id` int(11) NOT NULL,
  `product_id` int(11) NOT NULL,
  `product_variant_id` int(11) NOT NULL,
  `order_id` int(11) NOT NULL,
  `order_item_id` int(11) NOT NULL,
  `status` tinyint(4) NOT NULL DEFAULT 0,
  `remarks` varchar(1024) COLLATE utf8mb4_unicode_ci DEFAULT NULL,
  `date_created` timestamp NOT NULL DEFAULT current_timestamp()
) ENGINE=MyISAM DEFAULT CHARSET=utf8mb4 COLLATE=utf8mb4_unicode_ci;

-- --------------------------------------------------------

--
-- Table structure for table `sections`
--

CREATE TABLE `sections` (
  `id` int(11) NOT NULL,
  `title` varchar(512) COLLATE utf8mb4_unicode_ci NOT NULL,
  `short_description` varchar(512) COLLATE utf8mb4_unicode_ci DEFAULT NULL,
  `style` varchar(16) COLLATE utf8mb4_unicode_ci NOT NULL,
  `product_ids` varchar(1024) COLLATE utf8mb4_unicode_ci DEFAULT NULL,
  `row_order` int(11) NOT NULL DEFAULT 0,
  `categories` mediumtext COLLATE utf8mb4_unicode_ci DEFAULT NULL,
  `product_type` varchar(1024) COLLATE utf8mb4_unicode_ci DEFAULT NULL,
  `date_added` timestamp NOT NULL DEFAULT current_timestamp()
) ENGINE=MyISAM DEFAULT CHARSET=utf8mb4 COLLATE=utf8mb4_unicode_ci;

--
-- Dumping data for table `sections`
--

INSERT INTO `sections` (`id`, `title`, `short_description`, `style`, `product_ids`, `row_order`, `categories`, `product_type`, `date_added`) VALUES
(1, 'kkk', 'kkkk', 'style_1', NULL, 0, '98', 'new_added_products', '2022-06-30 17:51:10'),
(2, 'm,,m', 'sss', 'style_2', NULL, 0, NULL, 'products_on_sale', '2022-06-30 17:51:22');

-- --------------------------------------------------------

--
-- Table structure for table `settings`
--

CREATE TABLE `settings` (
  `id` int(11) NOT NULL,
  `variable` varchar(128) COLLATE utf8mb4_unicode_ci NOT NULL,
  `value` mediumtext COLLATE utf8mb4_unicode_ci DEFAULT NULL
) ENGINE=MyISAM DEFAULT CHARSET=utf8mb4 COLLATE=utf8mb4_unicode_ci;

--
-- Dumping data for table `settings`
--

INSERT INTO `settings` (`id`, `variable`, `value`) VALUES
(1, 'logo', 'uploads/media/2020/logo-460x11411.png'),
(2, 'privacy_policy', '<p></p><h2><b>Privacy policy</b></h2>ACCESSING, BROWSING OR OTHERWISE USING THE \\r\\nWEBSITE eShop.com, Missed Call Service or mobile application \\r\\nINDICATES user is in AGREEMENT with eShop vegetables & \\r\\nfruits Pvt Ltd for ALL THE TERMS AND CONDITIONS MENTIONED henceforth. \\r\\nUser is requested to READ terms and conditions CAREFULLY BEFORE \\r\\nPROCEEDING FURTHER.<br>\\r\\nUser is the person, group of person, company, trust, society, legal \\r\\nentity, legal personality or anyone who visits website, mobile app or \\r\\ngives missed call or places order with eShop via phone or website \\r\\nor mobile application or browse through website www.eShop.com.<p></p>\\r\\n\\r\\n<p>eShop reserves the right to add, alter, change, modify or delete\\r\\n any of these terms and conditions at any time without prior \\r\\ninformation. The altered terms and conditions becomes binding on the \\r\\nuser since the moment same are unloaded on the website \\r\\nwww.eShop.com</p>\\r\\n\\r\\n<p>eShop is in trade of fresh fruits and vegetables and delivers the order to home (user’s desired address) directly.</p>\\r\\n\\r\\n<p>That any user who gives missed call/call for order on any number \\r\\npublished/used by eShop.com, consents to receive, accept calls and \\r\\nmessages or any after communication from eShop vegetables & \\r\\nfruits Pvt Ltd for Promotion and Telemarketing Purposes within a week.</p>\\r\\n\\r\\n<p>If a customer do not wish to receive any communication from eShop, please SMS NO OFFERS to 9876543210.</p>\\r\\n\\r\\n<p>eShop accept orders on all seven days and user will receive the \\r\\ndelivery next day from date of order placement, as we at eShop \\r\\nprocure the fresh produce from the procurement center and deliver it \\r\\nstraight to user.</p>\\r\\n\\r\\n<p>There is Minimum Order value of Rs. 200. There are no delivery \\r\\ncharges on an order worth Rs. 200 or above. In special cases, if \\r\\npermitted, order value is less then Rs. 200/– , Rs. 40 as shipping \\r\\ncharges shall be charged from user.</p>\\r\\n\\r\\n<p>eShop updates the prices on daily basis and the price displayed \\r\\nat our website www.eShop.com, at the time of placement of order by \\r\\nuser he/she/it will be charged as per the price listed at the website \\r\\nwww.eShop.com.</p>\\r\\n\\r\\n<p>In the event, though there are remote possibilities, of wrong invoice\\r\\n generation due to any reason, in case it happens eShop vegetables \\r\\n& fruits Pvt Ltd reserve its right to again raise the correct \\r\\ninvoice at the revised amount and same shall be paid by user.</p>\\r\\n\\r\\n<p>At times it is difficult to weigh certain vegetables or fruits \\r\\nexactly as per the order or desired quantity of user, hence the delivery\\r\\n might be with five percent variation on both higher or lower side of \\r\\nexact ordered quantity, user are hereby under takes to pay to eShop\\r\\n vegetables & fruits Pvt Ltd as per the final invoice. We at \\r\\neShop understands and our endeavor is to always deliver in exact \\r\\nquantity in consonance with quantity ordered but every time it’s not \\r\\npossible but eShop guarantee the fair deal and weight to all its \\r\\nusers. eShop further assures its users that at no instance delivery\\r\\n weights/quantity vary dramatically from what quantity ordered by user.</p>\\r\\n\\r\\n<p>If some product is not available or is not of good quality, the same \\r\\nitem will not be delivered and will be adjusted accordingly in the \\r\\ninvoice; all rights in this regards are reserved with eShop. Images\\r\\n of Fruits & Vegetables present in the website are for demonstration\\r\\n purpose and may not resemble exactly in size, colour, weight, contrast \\r\\netc; though we assure our best to maintain the best quality in product, \\r\\nwhich is being our foremost commitment to the customer.</p>\\r\\n\\r\\n<p>All orders placed before 11 PM in the Night will be delivered next day or as per delivery date chosen.</p>'),
(3, 'terms_conditions', '<h3><b>Terms and conditions</b></h3><p>eShop.com is a sole proprietary firm , Juridical rights of eShop.com are reserved with eShop<br>\\r\\nPersonal Information eShop.com and the website eShop.com (”The\\r\\n Site”) . respects your privacy. This Privacy Policy succinctly provides\\r\\n the manner your data is collected and used by eShop.com. on the \\r\\nSite. As a visitor to the Site/ Customer you are advised to please read \\r\\nthe Privacy Policy carefully.</p>\\r\\n\\r\\n<p>Services Overview As part of the registration process on the Site, \\r\\neShop.com may collect the following personally identifiable \\r\\ninformation about you: Name including first and last name, alternate \\r\\nemail address, mobile phone number and contact details, Postal code, GPS\\r\\n location, Demographic profile &#40;like your age, gender, occupation, \\r\\neducation, address etc.&#41; and information about the pages on the site you\\r\\n visit/access, the links you click on the site, the number of times you \\r\\naccess the page and any such browsing information.</p>\\r\\n\\r\\n<p>Eligibility Services of the Site would be available to only select \\r\\ngeographies in India. Persons who are \\\"incompetent to contract\\\" within \\r\\nthe meaning of the Indian Contract Act, 1872 including un-discharged \\r\\ninsolvents etc. are not eligible to use the Site. If you are a minor \\r\\ni.e. under the age of 18 years but at least 13 years of age you may use \\r\\nthe Site only under the supervision of a parent or legal guardian who \\r\\nagrees to be bound by these Terms of Use. If your age is below 18 years,\\r\\n your parents or legal guardians can transact on behalf of you if they \\r\\nare registered users. You are prohibited from purchasing any material \\r\\nwhich is for adult consumption and the sale of which to minors is \\r\\nprohibited.</p>\\r\\n\\r\\n<p>License & Site Access eShop.com grants you a limited \\r\\nsub-license to access and make personal use of this site and not to \\r\\ndownload (other than page caching) or modify it, or any portion of it, \\r\\nexcept with express written consent of eShop.com. This license does\\r\\n not include any resale or commercial use of this site or its contents; \\r\\nany collection and use of any product listings, descriptions, or prices;\\r\\n any derivative use of this site or its contents; any downloading or \\r\\ncopying of account information for the benefit of another merchant; or \\r\\nany use of data mining, robots, or similar data gathering and extraction\\r\\n tools. This site or any portion of this site may not be reproduced, \\r\\nduplicated, copied, sold, resold, visited or otherwise exploited for any\\r\\n commercial purpose without express written consent of eShop.com. \\r\\nYou may not frame or utilize framing techniques to enclose any \\r\\ntrademark, logo, or other proprietary information (including images, \\r\\ntext, page layout, or form) of the Site or of eShop.com and its \\r\\naffiliates without express written consent. You may not use any meta \\r\\ntags or any other \\\"hidden text\\\" utilizing the Site’s or eShop.com’s\\r\\n name or eShop.com’s name or trademarks without the express written\\r\\n consent of eShop.com. Any unauthorized use, terminates the \\r\\npermission or license granted by eShop.com</p>\\r\\n\\r\\n<p>Account & Registration Obligations All shoppers have to register \\r\\nand login for placing orders on the Site. You have to keep your account \\r\\nand registration details current and correct for communications related \\r\\nto your purchases from the site. By agreeing to the terms and \\r\\nconditions, the shopper agrees to receive promotional communication and \\r\\nnewsletters upon registration. The customer can opt out either by \\r\\nunsubscribing in \\\"My Account\\\" or by contacting the customer service.</p>\\r\\n\\r\\n<p>Pricing All the products listed on the Site will be sold at MRP \\r\\nunless otherwise specified. The prices mentioned at the time of ordering\\r\\n will be the prices charged on the date of the delivery. Although prices\\r\\n of most of the products do not fluctuate on a daily basis but some of \\r\\nthe commodities and fresh food prices do change on a daily basis. In \\r\\ncase the prices are higher or lower on the date of delivery not \\r\\nadditional charges will be collected or refunded as the case may be at \\r\\nthe time of the delivery of the order.</p>\\r\\n\\r\\n<p>Cancellation by Site / Customer You as a customer can cancel your \\r\\norder anytime up to the cut-off time of the slot for which you have \\r\\nplaced an order by calling our customer service. In such a case we will \\r\\nCredit your wallet against any payments already made by you for the \\r\\norder. If we suspect any fraudulent transaction by any customer or any \\r\\ntransaction which defies the terms & conditions of using the \\r\\nwebsite, we at our sole discretion could cancel such orders. We will \\r\\nmaintain a negative list of all fraudulent transactions and customers \\r\\nand would deny access to them or cancel any orders placed by them.</p>\\r\\n\\r\\n<p>Return & Refunds We have a \\\"no questions asked return policy\\\" \\r\\nwhich entitles all our Delivery Ambassadors to return the product at the\\r\\n time of delivery if due to any reason they are not satisfied with the \\r\\nquality or freshness of the product. We will take the returned product \\r\\nback with us and issue a credit note for the value of the return \\r\\nproducts which will be credited to your account on the Site. This can be\\r\\n used to pay your subsequent shopping bills. Refund will be processed \\r\\nthrough same online mode within 7 working days.</p>\\r\\n\\r\\n<p><br>\\r\\nDelivery & Shipping Charge</p>\\r\\n\\r\\n<p>1.You can expect to receive your order depending on the delivery option you have chosen.</p>\\r\\n\\r\\n<p>2.You can order 24*7 in website & mobile application , Our \\r\\ndelivery timeings are between 06:00 AM - 02:00PM Same day delivery.</p>\\r\\n\\r\\n<p>3.You will get free shipping on order amount above Rs.150.<br>\\r\\nYou Agree and Confirm<br>\\r\\n1. That in the event that a non-delivery occurs on account of a mistake \\r\\nby you (i.e. wrong name or address or any other wrong information) any \\r\\nextra cost incurred by eShop. for redelivery shall be claimed from \\r\\nyou.<br>\\r\\n2. That you will use the services provided by the Site, its affiliates, \\r\\nconsultants and contracted companies, for lawful purposes only and \\r\\ncomply with all applicable laws and regulations while using and \\r\\ntransacting on the Site.<br>\\r\\n3. You will provide authentic and true information in all instances \\r\\nwhere such information is requested you. eShop reserves the right \\r\\nto confirm and validate the information and other details provided by \\r\\nyou at any point of time. If upon confirmation your details are found \\r\\nnot to be true (wholly or partly), it has the right in its sole \\r\\ndiscretion to reject the registration and debar you from using the \\r\\nServices and / or other affiliated websites without prior intimation \\r\\nwhatsoever.<br>\\r\\n4. That you are accessing the services available on this Site and \\r\\ntransacting at your sole risk and are using your best and prudent \\r\\njudgment before entering into any transaction through this Site.<br>\\r\\n5. That the address at which delivery of the product ordered by you is to be made will be correct and proper in all respects.<br>\\r\\n6. That before placing an order you will check the product description \\r\\ncarefully. By placing an order for a product you agree to be bound by \\r\\nthe conditions of sale included in the item\\\'s description.</p>\\r\\n\\r\\n<p>You may not use the Site for any of the following purposes:<br>\\r\\n1. Disseminating any unlawful, harassing, libelous, abusive, \\r\\nthreatening, harmful, vulgar, obscene, or otherwise objectionable \\r\\nmaterial.<br>\\r\\n2. Transmitting material that encourages conduct that constitutes a \\r\\ncriminal offence or results in civil liability or otherwise breaches any\\r\\n relevant laws, regulations or code of practice.<br>\\r\\n3. Gaining unauthorized access to other computer systems.<br>\\r\\n4. Interfering with any other person\\\'s use or enjoyment of the Site.<br>\\r\\n5. Breaching any applicable laws;<br>\\r\\n6. Interfering or disrupting networks or web sites connected to the Site.<br>\\r\\n7. Making, transmitting or storing electronic copies of materials protected by copyright without the permission of the owner.</p>\\r\\n\\r\\n<p>Colors we have made every effort to display the colors of our \\r\\nproducts that appear on the Website as accurately as possible. However, \\r\\nas the actual colors you see will depend on your monitor, we cannot \\r\\nguarantee that your monitor\\\'s display of any color will be accurate.</p>\\r\\n\\r\\n<p>Modification of Terms & Conditions of Service eShop may at \\r\\nany time modify the Terms & Conditions of Use of the Website without\\r\\n any prior notification to you. You can access the latest version of \\r\\nthese Terms & Conditions at any given time on the Site. You should \\r\\nregularly review the Terms & Conditions on the Site. In the event \\r\\nthe modified Terms & Conditions is not acceptable to you, you should\\r\\n discontinue using the Service. However, if you continue to use the \\r\\nService you shall be deemed to have agreed to accept and abide by the \\r\\nmodified Terms & Conditions of Use of this Site.</p>\\r\\n\\r\\n<p>Governing Law and Jurisdiction This User Agreement shall be construed\\r\\n in accordance with the applicable laws of India. The Courts at \\r\\nFaridabad shall have exclusive jurisdiction in any proceedings arising \\r\\nout of this agreement. Any dispute or difference either in \\r\\ninterpretation or otherwise, of any terms of this User Agreement between\\r\\n the parties hereto, the same shall be referred to an independent \\r\\narbitrator who will be appointed by eShop and his decision shall be\\r\\n final and binding on the parties hereto. The above arbitration shall be\\r\\n in accordance with the Arbitration and Conciliation Act, 1996 as \\r\\namended from time to time. The arbitration shall be held in Nagpur. The \\r\\nHigh Court of judicature at Nagpur Bench of Mumbai High Court alone \\r\\nshall have the jurisdiction and the Laws of India shall apply.</p>\\r\\n\\r\\n<p>Reviews, Feedback, Submissions All reviews, comments, feedback, \\r\\npostcards, suggestions, ideas, and other submissions disclosed, \\r\\nsubmitted or offered to the Site on or by this Site or otherwise \\r\\ndisclosed, submitted or offered in connection with your use of this Site\\r\\n (collectively, the \\\"Comments\\\") shall be and remain the property of \\r\\neShop Such disclosure, submission or offer of any Comments shall \\r\\nconstitute an assignment to eShop of all worldwide rights, titles \\r\\nand interests in all copyrights and other intellectual properties in the\\r\\n Comments. Thus, eShop owns exclusively all such rights, titles and\\r\\n interests and shall not be limited in any way in its use, commercial or\\r\\n otherwise, of any Comments. eShopwill be entitled to use, \\r\\nreproduce, disclose, modify, adapt, create derivative works from, \\r\\npublish, display and distribute any Comments you submit for any purpose \\r\\nwhatsoever, without restriction and without compensating you in any way.\\r\\n eShop is and shall be under no obligation (1) to maintain any \\r\\nComments in confidence; (2) to pay you any compensation for any \\r\\nComments; or (3) to respond to any Comments. You agree that any Comments\\r\\n submitted by you to the Site will not violate this policy or any right \\r\\nof any third party, including copyright, trademark, privacy or other \\r\\npersonal or proprietary right(s), and will not cause injury to any \\r\\nperson or entity. You further agree that no Comments submitted by you to\\r\\n the Website will be or contain libelous or otherwise unlawful, \\r\\nthreatening, abusive or obscene material, or contain software viruses, \\r\\npolitical campaigning, commercial solicitation, chain letters, mass \\r\\nmailings or any form of \\\"spam\\\". eShop does not regularly review \\r\\nposted Comments, but does reserve the right (but not the obligation) to \\r\\nmonitor and edit or remove any Comments submitted to the Site. You grant\\r\\n eShopthe right to use the name that you submit in connection with \\r\\nany Comments. You agree not to use a false email address, impersonate \\r\\nany person or entity, or otherwise mislead as to the origin of any \\r\\nComments you submit. You are and shall remain solely responsible for the\\r\\n content of any Comments you make and you agree to indemnify eShop \\r\\nand its affiliates for all claims resulting from any Comments you \\r\\nsubmit. eShop and its affiliates take no responsibility and assume \\r\\nno liability for any Comments submitted by you or any third party.</p>\\r\\n\\r\\n<p>Copyright & Trademark eShop.com and eShop.com, its \\r\\nsuppliers and licensors expressly reserve all intellectual property \\r\\nrights in all text, programs, products, processes, technology, content \\r\\nand other materials, which appear on this Site. Access to this Website \\r\\ndoes not confer and shall not be considered as conferring upon anyone \\r\\nany license under any of eShop.com or any third party\\\'s \\r\\nintellectual property rights. All rights, including copyright, in this \\r\\nwebsite are owned by or licensed to eShop.com from eShop.com. \\r\\nAny use of this website or its contents, including copying or storing it\\r\\n or them in whole or part, other than for your own personal, \\r\\nnon-commercial use is prohibited without the permission of \\r\\neShop.com and/or eShop.com. You may not modify, distribute or \\r\\nre-post anything on this website for any purpose.The names and logos and\\r\\n all related product and service names, design marks and slogans are the\\r\\n trademarks or service marks of eShop.com, eShop.com, its \\r\\naffiliates, its partners or its suppliers. All other marks are the \\r\\nproperty of their respective companies. No trademark or service mark \\r\\nlicense is granted in connection with the materials contained on this \\r\\nSite. Access to this Site does not authorize anyone to use any name, \\r\\nlogo or mark in any manner.References on this Site to any names, marks, \\r\\nproducts or services of third parties or hypertext links to third party \\r\\nsites or information are provided solely as a convenience to you and do \\r\\nnot in any way constitute or imply eShop.com or eShop.com\\\'s \\r\\nendorsement, sponsorship or recommendation of the third party, \\r\\ninformation, product or service. eShop.com or eShop.com is not\\r\\n responsible for the content of any third party sites and does not make \\r\\nany representations regarding the content or accuracy of material on \\r\\nsuch sites. If you decide to link to any such third party websites, you \\r\\ndo so entirely at your own risk. All materials, including images, text, \\r\\nillustrations, designs, icons, photographs, programs, music clips or \\r\\ndownloads, video clips and written and other materials that are part of \\r\\nthis Website (collectively, the \\\"Contents\\\") are intended solely for \\r\\npersonal, non-commercial use. You may download or copy the Contents and \\r\\nother downloadable materials displayed on the Website for your personal \\r\\nuse only. No right, title or interest in any downloaded materials or \\r\\nsoftware is transferred to you as a result of any such downloading or \\r\\ncopying. You may not reproduce (except as noted above), publish, \\r\\ntransmit, distribute, display, modify, create derivative works from, \\r\\nsell or participate in any sale of or exploit in any way, in whole or in\\r\\n part, any of the Contents, the Website or any related software. All \\r\\nsoftware used on this Website is the property of eShop.com or its \\r\\nlicensees and suppliers and protected by Indian and international \\r\\ncopyright laws. The Contents and software on this Website may be used \\r\\nonly as a shopping resource. Any other use, including the reproduction, \\r\\nmodification, distribution, transmission, republication, display, or \\r\\nperformance, of the Contents on this Website is strictly prohibited. \\r\\nUnless otherwise noted, all Contents are copyrights, trademarks, trade \\r\\ndress and/or other intellectual property owned, controlled or licensed \\r\\nby eShop.com, one of its affiliates or by third parties who have \\r\\nlicensed their materials to eShop.com and are protected by Indian \\r\\nand international copyright laws. The compilation (meaning the \\r\\ncollection, arrangement, and assembly) of all Contents on this Website \\r\\nis the exclusive property of eShop.com and eShop.com and is \\r\\nalso protected by Indian and international copyright laws.</p>\\r\\n\\r\\n<p>Objectionable Material You understand that by using this Site or any \\r\\nservices provided on the Site, you may encounter Content that may be \\r\\ndeemed by some to be offensive, indecent, or objectionable, which \\r\\nContent may or may not be identified as such. You agree to use the Site \\r\\nand any service at your sole risk and that to the fullest extent \\r\\npermitted under applicable law, eShop.com and/or eShop.com and\\r\\n its affiliates shall have no liability to you for Content that may be \\r\\ndeemed offensive, indecent, or objectionable to you.</p>\\r\\n\\r\\n<p>Indemnity You agree to defend, indemnify and hold harmless \\r\\neShop.com, eShop.com, its employees, directors, Coordinators, \\r\\nofficers, agents, interns and their successors and assigns from and \\r\\nagainst any and all claims, liabilities, damages, losses, costs and \\r\\nexpenses, including attorney\\\'s fees, caused by or arising out of claims \\r\\nbased upon your actions or inactions, which may result in any loss or \\r\\nliability to eShop.com or eShop.com or any third party \\r\\nincluding but not limited to breach of any warranties, representations \\r\\nor undertakings or in relation to the non-fulfillment of any of your \\r\\nobligations under this User Agreement or arising out of the violation of\\r\\n any applicable laws, regulations including but not limited to \\r\\nIntellectual Property Rights, payment of statutory dues and taxes, claim\\r\\n of libel, defamation, violation of rights of privacy or publicity, loss\\r\\n of service by other subscribers and infringement of intellectual \\r\\nproperty or other rights. This clause shall survive the expiry or \\r\\ntermination of this User Agreement.</p>\\r\\n\\r\\n<p>Termination This User Agreement is effective unless and until \\r\\nterminated by either you or eShop.com. You may terminate this User \\r\\nAgreement at any time, provided that you discontinue any further use of \\r\\nthis Site. eShop.com may terminate this User Agreement at any time \\r\\nand may do so immediately without notice, and accordingly deny you \\r\\naccess to the Site, Such termination will be without any liability to \\r\\neShop.com. Upon any termination of the User Agreement by either you\\r\\n or eShop.com, you must promptly destroy all materials downloaded \\r\\nor otherwise obtained from this Site, as well as all copies of such \\r\\nmaterials, whether made under the User Agreement or otherwise. \\r\\neShop.com\\\'s right to any Comments shall survive any termination of \\r\\nthis User Agreement. Any such termination of the User Agreement shall \\r\\nnot cancel your obligation to pay for the product already ordered from \\r\\nthe Website or affect any liability that may have arisen under the User \\r\\nAgreement.</p>'),
(4, 'fcm_server_key', 'your_fcm_server_key'),
(5, 'contact_us', '<h2><strong>Contact Us</strong></h2>\\r\\n\\r\\n<p>For any kind of queries related to products, orders or services feel free to contact us on our official email address or phone number as given below :</p>\\r\\n\\r\\n<p> </p>\\r\\n\\r\\n<h3><strong>Areas we deliver : </strong></h3>\\r\\n\\r\\n<p> </p>\\r\\n\\r\\n<h3><strong>Delivery Timings :</strong></h3>\\r\\n\\r\\n<ol>\\r\\n <li><strong>  8:00 AM To 10:30 AM</strong></li>\\r\\n <li><strong>10:30 AM To 12:30 PM</strong></li>\\r\\n <li><strong>  4:00 PM To  7:00 PM</strong></li></ol><h3> <strong></strong>\\r\\n\\r\\n</h3><p><strong>Note : </strong>You can order for maximum 2days in advance. i.e., Today & Tomorrow only.  <br></p>'),
(6, 'system_settings', '{\"system_configurations\":\"1\",\"system_timezone_gmt\":\"+05:30\",\"system_configurations_id\":\"13\",\"app_name\":\"eShop - ecommerce\",\"support_number\":\"9876543210\",\"support_email\":\"support@eshop.com\",\"current_version\":\"1.0.0\",\"current_version_ios\":\"1.0\",\"is_version_system_on\":\"1\",\"area_wise_delivery_charge\":\"1\",\"currency\":\"LE\",\"delivery_charge\":\"10\",\"min_amount\":\"200\",\"system_timezone\":\"Asia\\/Kolkata\",\"is_refer_earn_on\":\"0\",\"min_refer_earn_order_amount\":\"\",\"refer_earn_bonus\":\"\",\"refer_earn_method\":\"\",\"max_refer_earn_amount\":\"\",\"refer_earn_bonus_times\":\"\",\"welcome_wallet_balance_on\":\"0\",\"wallet_balance_amount\":\"\",\"allow_order_attachments\":\"0\",\"upload_limit\":\"\",\"minimum_cart_amt\":\"200\",\"low_stock_limit\":\"5\",\"max_items_cart\":\"12\",\"delivery_boy_bonus_percentage\":\"1\",\"max_product_return_days\":\"1\",\"is_delivery_boy_otp_setting_on\":\"1\",\"cart_btn_on_list\":\"0\",\"expand_product_images\":\"0\",\"tax_name\":\"\",\"tax_number\":\"\",\"company_name\":\"\",\"company_url\":\"\",\"supported_locals\":\"EGP\",\"is_customer_app_under_maintenance\":\"0\",\"is_admin_app_under_maintenance\":\"0\",\"is_delivery_boy_app_under_maintenance\":\"0\",\"message_for_customer_app\":\"\",\"message_for_admin_app\":\"\",\"message_for_delivery_boy_app\":\"\"}'),
(7, 'payment_method', '{\"paypal_payment_method\":\"0\",\"paypal_mode\":\"sandbox\",\"paypal_business_email\":\"seller@somedomain.com\",\"currency_code\":\"USD\",\"razorpay_payment_method\":\"0\",\"razorpay_key_id\":\"rzp_test_key\",\"razorpay_secret_key\":\"secret_key\",\"paystack_payment_method\":\"0\",\"paystack_key_id\":\"paystack_public_key\",\"paystack_secret_key\":\"paystack_secret_key\",\"stripe_payment_method\":\"0\",\"stripe_payment_mode\":\"test\",\"stripe_publishable_key\":\"test_key\",\"stripe_secret_key\":\"test_key\",\"stripe_webhook_secret_key\":\"webhook_secret\",\"stripe_currency_code\":\"INR\",\"flutterwave_payment_method\":\"0\",\"flutterwave_public_key\":\"public_key\",\"flutterwave_secret_key\":\"secret_key\",\"flutterwave_encryption_key\":\"enc_key\",\"flutterwave_currency_code\":\"NGN\",\"paytm_payment_method\":\"0\",\"paytm_payment_mode\":\"sandbox\",\"paytm_merchant_key\":\"merchant_key\",\"paytm_merchant_id\":\"merchant_id\",\"paytm_website\":\"WEBSTAGING\",\"paytm_industry_type_id\":\"Retail\",\"google_pay_payment_method\":\"0\",\"google_pay_mode\":\"\",\"google_pay_merchant_name\":\"\",\"google_pay_merchant_id\":\"\",\"google_pay_currency_code\":\"\",\"google_pay_country_code\":\"\",\"direct_bank_transfer\":\"1\",\"account_name\":\"eShop E-Commerce LLC.\",\"account_number\":\"020211022000001\",\"bank_name\":\"State Bank of India\",\"bank_code\":\"SBIIN0007\",\"notes\":\"    Please do not forget to upload the bank transfer receipt upon sending \\/ depositing money to the above-mentioned account. Once the amount deposit is confirmed the order will be processed further. To upload the receipt go to your order details page or screen and find a form to upload the receipt.\",\"cod_method\":\"1\"}'),
(8, 'about_us', '<p>About us <br></p>'),
(9, 'currency', 'LE'),
(11, 'email_settings', '{\"email\":\"your@gmail.com\",\"password\":\"your_mail_password\",\"smtp_host\":\"smtp.gmail.com\",\"smtp_port\":\"465\",\"mail_content_type\":\"html\",\"smtp_encryption\":\"ssl\"}'),
(12, 'time_slot_config', '{\"time_slot_config\":\"1\",\"is_time_slots_enabled\":\"0\",\"delivery_starts_from\":\"4\",\"allowed_days\":\"7\"}'),
(13, 'favicon', 'uploads/media/2020/favicon-64.png'),
(14, 'delivery_boy_privacy_policy', '<p>ACCESSING, BROWSING OR OTHERWISE USING THE WEBSITE eShop.com, Missed Call Service or mobile application INDICATES user is in AGREEMENT with eShop vegetables & fruits Pvt Ltd for ALL THE TERMS AND CONDITIONS MENTIONED henceforth. User is requested to READ terms and conditions CAREFULLY BEFORE PROCEEDING FURTHER.<br>User is the person, group of person, company, trust, society, legal entity, legal personality or anyone who visits website, mobile app or gives missed call or places order with eShop via phone or website or mobile application or browse through website www.eShop.com.</p><p>eShop reserves the right to add, alter, change, modify or delete any of these terms and conditions at any time without prior information. The altered terms and conditions becomes binding on the user since the moment same are unloaded on the website www.eShop.com</p><p>eShop is in trade of fresh fruits and vegetables and delivers the order to home (user’s desired address) directly.</p><p>That any user who gives missed call/call for order on any number published/used by eShop.com, consents to receive, accept calls and messages or any after communication from eShop vegetables & fruits Pvt Ltd for Promotion and Telemarketing Purposes within a week.</p><p>If a customer do not wish to receive any communication from eShop, please SMS NO OFFERS to 9512512125.</p><p>eShop accept orders on all seven days and user will receive the delivery next day from date of order placement, as we at eShop procure the fresh produce from the procurement center and deliver it straight to user.</p><p>There is Minimum Order value of Rs. 200. There are no delivery charges on an order worth Rs. 200 or above. In special cases, if permitted, order value is less then Rs. 200/– , Rs. 40 as shipping charges shall be charged from user.</p><p>eShop updates the prices on daily basis and the price displayed at our website www.eShop.com, at the time of placement of order by user he/she/it will be charged as per the price listed at the website www.eShop.com.</p><p>In the event, though there are remote possibilities, of wrong invoice generation due to any reason, in case it happens eShop vegetables & fruits Pvt Ltd reserve its right to again raise the correct invoice at the revised amount and same shall be paid by user.</p><p>At times it is difficult to weigh certain vegetables or fruits exactly as per the order or desired quantity of user, hence the delivery might be with five percent variation on both higher or lower side of exact ordered quantity, user are hereby under takes to pay to eShop vegetables & fruits Pvt Ltd as per the final invoice. We at eShop understands and our endeavor is to always deliver in exact quantity in consonance with quantity ordered but every time it’s not possible but eShop guarantee the fair deal and weight to all its users. eShop further assures its users that at no instance delivery weights/quantity vary dramatically from what quantity ordered by user.</p><p>If some product is not available or is not of good quality, the same item will not be delivered and will be adjusted accordingly in the invoice; all rights in this regards are reserved with eShop. Images of Fruits & Vegetables present in the website are for demonstration purpose and may not resemble exactly in size, colour, weight, contrast etc; though we assure our best to maintain the best quality in product, which is being our foremost commitment to the customer.</p><p>All orders placed before 11 PM in the Night will be delivered next day or as per delivery date chosen.</p>'),
(15, 'delivery_boy_terms_conditions', '<p>ACCESSING, BROWSING OR OTHERWISE USING THE WEBSITE eShop.com, Missed Call Service or mobile application INDICATES user is in AGREEMENT with eShop vegetables & fruits Pvt Ltd for ALL THE TERMS AND CONDITIONS MENTIONED henceforth. User is requested to READ terms and conditions CAREFULLY BEFORE PROCEEDING FURTHER.<br>User is the person, group of person, company, trust, society, legal entity, legal personality or anyone who visits website, mobile app or gives missed call or places order with eShop via phone or website or mobile application or browse through website www.eShop.com.</p><p>eShop reserves the right to add, alter, change, modify or delete any of these terms and conditions at any time without prior information. The altered terms and conditions becomes binding on the user since the moment same are unloaded on the website www.eShop.com</p><p>eShop is in trade of fresh fruits and vegetables and delivers the order to home (user’s desired address) directly.</p><p>That any user who gives missed call/call for order on any number published/used by eShop.com, consents to receive, accept calls and messages or any after communication from eShop vegetables & fruits Pvt Ltd for Promotion and Telemarketing Purposes within a week.</p><p>If a customer do not wish to receive any communication from eShop, please SMS NO OFFERS to 9512512125.</p><p>eShop accept orders on all seven days and user will receive the delivery next day from date of order placement, as we at eShop procure the fresh produce from the procurement center and deliver it straight to user.</p><p>There is Minimum Order value of Rs. 200. There are no delivery charges on an order worth Rs. 200 or above. In special cases, if permitted, order value is less then Rs. 200/– , Rs. 40 as shipping charges shall be charged from user.</p><p>eShop updates the prices on daily basis and the price displayed at our website www.eShop.com, at the time of placement of order by user he/she/it will be charged as per the price listed at the website www.eShop.com.</p><p>In the event, though there are remote possibilities, of wrong invoice generation due to any reason, in case it happens eShop vegetables & fruits Pvt Ltd reserve its right to again raise the correct invoice at the revised amount and same shall be paid by user.</p><p>At times it is difficult to weigh certain vegetables or fruits exactly as per the order or desired quantity of user, hence the delivery might be with five percent variation on both higher or lower side of exact ordered quantity, user are hereby under takes to pay to eShop vegetables & fruits Pvt Ltd as per the final invoice. We at eShop understands and our endeavor is to always deliver in exact quantity in consonance with quantity ordered but every time it’s not possible but eShop guarantee the fair deal and weight to all its users. eShop further assures its users that at no instance delivery weights/quantity vary dramatically from what quantity ordered by user.</p><p>If some product is not available or is not of good quality, the same item will not be delivered and will be adjusted accordingly in the invoice; all rights in this regards are reserved with eShop. Images of Fruits & Vegetables present in the website are for demonstration purpose and may not resemble exactly in size, colour, weight, contrast etc; though we assure our best to maintain the best quality in product, which is being our foremost commitment to the customer.</p><p>All orders placed before 11 PM in the Night will be delivered next day or as per delivery date chosen.</p>'),
(16, 'web_logo', 'uploads/media/2020/logo-460x11411.png'),
(17, 'web_favicon', 'uploads/media/2020/favicon-64.png'),
(18, 'web_settings', '{\"site_title\":\"Focus\",\"support_number\":\"9876543210\",\"support_email\":\"support@focus.com\",\"copyright_details\":\"\",\"address\":\"\",\"app_short_description\":\"\",\"map_iframe\":\"\",\"logo\":\"uploads\\/media\\/2020\\/logo-460x11411.png\",\"favicon\":\"uploads\\/media\\/2020\\/favicon-64.png\",\"meta_keywords\":\"eShop - eCommerce Online Store\",\"meta_description\":\"eShop - eCommerce Online Store\",\"app_download_section_title\":\"eShop Mobile App\",\"app_download_section_tagline\":\"Download eshop\",\"app_download_section_short_description\":\"Shop with us at affordable prices and get exciting cashback & offers.\",\"app_download_section_playstore_url\":\"#\",\"app_download_section_appstore_url\":\"#\",\"twitter_link\":\"#\",\"facebook_link\":\"#\",\"instagram_link\":\"#\",\"youtube_link\":\"#\",\"shipping_mode\":true,\"shipping_title\":\"Free Shipping\",\"shipping_description\":\"Free Shipping at your doorstep.\",\"return_mode\":true,\"return_title\":\"Free Returns\",\"return_description\":\"Free return if products are damaged.\",\"support_mode\":true,\"support_title\":\"Support 24\\/7\",\"support_description\":\"24\\/7 and 365 days support is available.\",\"safety_security_mode\":true,\"safety_security_title\":\"100% Safe & Secure\",\"safety_security_description\":\"100% safe & secure.\",\"app_download_section\":0}'),
(19, 'admin_privacy_policy', '<h2 xss=removed><span xss=removed>Privacy policy</span></h2>ACCESSING, BROWSING OR OTHERWISE USING THE WEBSITE eShop.com, Missed Call Service or mobile application INDICATES user is in AGREEMENT with eShop vegetables & fruits Pvt Ltd for ALL THE TERMS AND CONDITIONS MENTIONED henceforth. User is requested to READ terms and conditions CAREFULLY BEFORE PROCEEDING FURTHER.<br>User is the person, group of person, company, trust, society, legal entity, legal personality or anyone who visits website, mobile app or gives missed call or places order with eShop via phone or website or mobile application or browse through website www.eShop.com.<p></p><p>eShop reserves the right to add, alter, change, modify or delete any of these terms and conditions at any time without prior information. The altered terms and conditions becomes binding on the user since the moment same are unloaded on the website www.eShop.com</p><p>eShop is in trade of fresh fruits and vegetables and delivers the order to home (user’s desired address) directly.</p><p>That any user who gives missed call/call for order on any number published/used by eShop.com, consents to receive, accept calls and messages or any after communication from eShop vegetables & fruits Pvt Ltd for Promotion and Telemarketing Purposes within a week.</p><p>If a customer do not wish to receive any communication from eShop, please SMS NO OFFERS to 9512512125.</p><p>eShop accept orders on all seven days and user will receive the delivery next day from date of order placement, as we at eShop procure the fresh produce from the procurement center and deliver it straight to user.</p><p>There is Minimum Order value of Rs. 200. There are no delivery charges on an order worth Rs. 200 or above. In special cases, if permitted, order value is less then Rs. 200/– , Rs. 40 as shipping charges shall be charged from user.</p><p>eShop updates the prices on daily basis and the price displayed at our website www.eShop.com, at the time of placement of order by user he/she/it will be charged as per the price listed at the website www.eShop.com.</p><p>In the event, though there are remote possibilities, of wrong invoice generation due to any reason, in case it happens eShop vegetables & fruits Pvt Ltd reserve its right to again raise the correct invoice at the revised amount and same shall be paid by user.</p><p>At times it is difficult to weigh certain vegetables or fruits exactly as per the order or desired quantity of user, hence the delivery might be with five percent variation on both higher or lower side of exact ordered quantity, user are hereby under takes to pay to eShop vegetables & fruits Pvt Ltd as per the final invoice. We at eShop understands and our endeavor is to always deliver in exact quantity in consonance with quantity ordered but every time it’s not possible but eShop guarantee the fair deal and weight to all its users. eShop further assures its users that at no instance delivery weights/quantity vary dramatically from what quantity ordered by user.</p><p>If some product is not available or is not of good quality, the same item will not be delivered and will be adjusted accordingly in the invoice; all rights in this regards are reserved with eShop. Images of Fruits & Vegetables present in the website are for demonstration purpose and may not resemble exactly in size, colour, weight, contrast etc; though we assure our best to maintain the best quality in product, which is being our foremost commitment to the customer.</p><p>All orders placed before 11 PM in the Night will be delivered next day or as per delivery date chosen.</p>');
INSERT INTO `settings` (`id`, `variable`, `value`) VALUES
(20, 'admin_terms_conditions', '<div>Terms and conditions</div><div>eShop.com is a sole proprietary firm , Juridical rights of eShop.com are reserved with eShop</div><div>Personal Information eShop.com and the website eShop.com (”The Site”) . respects your privacy. This Privacy Policy succinctly provides the manner your data is collected and used by eShop.com. on the Site. As a visitor to the Site/ Customer you are advised to please read the Privacy Policy carefully.</div><div><br></div><div>Services Overview As part of the registration process on the Site, eShop.com may collect the following personally identifiable information about you: Name including first and last name, alternate email address, mobile phone number and contact details, Postal code, GPS location, Demographic profile &#40;like your age, gender, occupation, education, address etc.&#41; and information about the pages on the site you visit/access, the links you click on the site, the number of times you access the page and any such browsing information.</div><div><br></div><div>Eligibility Services of the Site would be available to only select geographies in India. Persons who are \\\"incompetent to contract\\\" within the meaning of the Indian Contract Act, 1872 including un-discharged insolvents etc. are not eligible to use the Site. If you are a minor i.e. under the age of 18 years but at least 13 years of age you may use the Site only under the supervision of a parent or legal guardian who agrees to be bound by these Terms of Use. If your age is below 18 years, your parents or legal guardians can transact on behalf of you if they are registered users. You are prohibited from purchasing any material which is for adult consumption and the sale of which to minors is prohibited.</div><div><br></div><div>License & Site Access eShop.com grants you a limited sub-license to access and make personal use of this site and not to download (other than page caching) or modify it, or any portion of it, except with express written consent of eShop.com. This license does not include any resale or commercial use of this site or its contents; any collection and use of any product listings, descriptions, or prices; any derivative use of this site or its contents; any downloading or copying of account information for the benefit of another merchant; or any use of data mining, robots, or similar data gathering and extraction tools. This site or any portion of this site may not be reproduced, duplicated, copied, sold, resold, visited or otherwise exploited for any commercial purpose without express written consent of eShop.com. You may not frame or utilize framing techniques to enclose any trademark, logo, or other proprietary information (including images, text, page layout, or form) of the Site or of eShop.com and its affiliates without express written consent. You may not use any meta tags or any other \\\"hidden text\\\" utilizing the Site’s or eShop.com’s name or eShop.com’s name or trademarks without the express written consent of eShop.com. Any unauthorized use, terminates the permission or license granted by eShop.com</div><div><br></div><div>Account & Registration Obligations All shoppers have to register and login for placing orders on the Site. You have to keep your account and registration details current and correct for communications related to your purchases from the site. By agreeing to the terms and conditions, the shopper agrees to receive promotional communication and newsletters upon registration. The customer can opt out either by unsubscribing in \\\"My Account\\\" or by contacting the customer service.</div><div><br></div><div>Pricing All the products listed on the Site will be sold at MRP unless otherwise specified. The prices mentioned at the time of ordering will be the prices charged on the date of the delivery. Although prices of most of the products do not fluctuate on a daily basis but some of the commodities and fresh food prices do change on a daily basis. In case the prices are higher or lower on the date of delivery not additional charges will be collected or refunded as the case may be at the time of the delivery of the order.</div><div><br></div><div>Cancellation by Site / Customer You as a customer can cancel your order anytime up to the cut-off time of the slot for which you have placed an order by calling our customer service. In such a case we will Credit your wallet against any payments already made by you for the order. If we suspect any fraudulent transaction by any customer or any transaction which defies the terms & conditions of using the website, we at our sole discretion could cancel such orders. We will maintain a negative list of all fraudulent transactions and customers and would deny access to them or cancel any orders placed by them.</div><div><br></div><div>Return & Refunds We have a \\\"no questions asked return policy\\\" which entitles all our Delivery Ambassadors to return the product at the time of delivery if due to any reason they are not satisfied with the quality or freshness of the product. We will take the returned product back with us and issue a credit note for the value of the return products which will be credited to your account on the Site. This can be used to pay your subsequent shopping bills. Refund will be processed through same online mode within 7 working days.</div><div><br></div><div><br></div><div>Delivery & Shipping Charge</div><div><br></div><div>1.You can expect to receive your order depending on the delivery option you have chosen.</div><div><br></div><div>2.You can order 24*7 in website & mobile application , Our delivery timeings are between 06:00 AM - 02:00PM Same day delivery.</div><div><br></div><div>3.You will get free shipping on order amount above Rs.150.</div><div>You Agree and Confirm</div><div>1. That in the event that a non-delivery occurs on account of a mistake by you (i.e. wrong name or address or any other wrong information) any extra cost incurred by eShop. for redelivery shall be claimed from you.</div><div>2. That you will use the services provided by the Site, its affiliates, consultants and contracted companies, for lawful purposes only and comply with all applicable laws and regulations while using and transacting on the Site.</div><div>3. You will provide authentic and true information in all instances where such information is requested you. eShop reserves the right to confirm and validate the information and other details provided by you at any point of time. If upon confirmation your details are found not to be true (wholly or partly), it has the right in its sole discretion to reject the registration and debar you from using the Services and / or other affiliated websites without prior intimation whatsoever.</div><div>4. That you are accessing the services available on this Site and transacting at your sole risk and are using your best and prudent judgment before entering into any transaction through this Site.</div><div>5. That the address at which delivery of the product ordered by you is to be made will be correct and proper in all respects.</div><div>6. That before placing an order you will check the product description carefully. By placing an order for a product you agree to be bound by the conditions of sale included in the item\\\'s description.</div><div><br></div><div>You may not use the Site for any of the following purposes:</div><div>1. Disseminating any unlawful, harassing, libelous, abusive, threatening, harmful, vulgar, obscene, or otherwise objectionable material.</div><div>2. Transmitting material that encourages conduct that constitutes a criminal offence or results in civil liability or otherwise breaches any relevant laws, regulations or code of practice.</div><div>3. Gaining unauthorized access to other computer systems.</div><div>4. Interfering with any other person\\\'s use or enjoyment of the Site.</div><div>5. Breaching any applicable laws;</div><div>6. Interfering or disrupting networks or web sites connected to the Site.</div><div>7. Making, transmitting or storing electronic copies of materials protected by copyright without the permission of the owner.</div><div><br></div><div>Colors we have made every effort to display the colors of our products that appear on the Website as accurately as possible. However, as the actual colors you see will depend on your monitor, we cannot guarantee that your monitor\\\'s display of any color will be accurate.</div><div><br></div><div>Modification of Terms & Conditions of Service eShop may at any time modify the Terms & Conditions of Use of the Website without any prior notification to you. You can access the latest version of these Terms & Conditions at any given time on the Site. You should regularly review the Terms & Conditions on the Site. In the event the modified Terms & Conditions is not acceptable to you, you should discontinue using the Service. However, if you continue to use the Service you shall be deemed to have agreed to accept and abide by the modified Terms & Conditions of Use of this Site.</div><div><br></div><div>Governing Law and Jurisdiction This User Agreement shall be construed in accordance with the applicable laws of India. The Courts at Faridabad shall have exclusive jurisdiction in any proceedings arising out of this agreement. Any dispute or difference either in interpretation or otherwise, of any terms of this User Agreement between the parties hereto, the same shall be referred to an independent arbitrator who will be appointed by eShop and his decision shall be final and binding on the parties hereto. The above arbitration shall be in accordance with the Arbitration and Conciliation Act, 1996 as amended from time to time. The arbitration shall be held in Nagpur. The High Court of judicature at Nagpur Bench of Mumbai High Court alone shall have the jurisdiction and the Laws of India shall apply.</div><div><br></div><div>Reviews, Feedback, Submissions All reviews, comments, feedback, postcards, suggestions, ideas, and other submissions disclosed, submitted or offered to the Site on or by this Site or otherwise disclosed, submitted or offered in connection with your use of this Site (collectively, the \\\"Comments\\\") shall be and remain the property of eShop Such disclosure, submission or offer of any Comments shall constitute an assignment to eShop of all worldwide rights, titles and interests in all copyrights and other intellectual properties in the Comments. Thus, eShop owns exclusively all such rights, titles and interests and shall not be limited in any way in its use, commercial or otherwise, of any Comments. eShopwill be entitled to use, reproduce, disclose, modify, adapt, create derivative works from, publish, display and distribute any Comments you submit for any purpose whatsoever, without restriction and without compensating you in any way. eShop is and shall be under no obligation (1) to maintain any Comments in confidence; (2) to pay you any compensation for any Comments; or (3) to respond to any Comments. You agree that any Comments submitted by you to the Site will not violate this policy or any right of any third party, including copyright, trademark, privacy or other personal or proprietary right(s), and will not cause injury to any person or entity. You further agree that no Comments submitted by you to the Website will be or contain libelous or otherwise unlawful, threatening, abusive or obscene material, or contain software viruses, political campaigning, commercial solicitation, chain letters, mass mailings or any form of \\\"spam\\\". eShop does not regularly review posted Comments, but does reserve the right (but not the obligation) to monitor and edit or remove any Comments submitted to the Site. You grant eShopthe right to use the name that you submit in connection with any Comments. You agree not to use a false email address, impersonate any person or entity, or otherwise mislead as to the origin of any Comments you submit. You are and shall remain solely responsible for the content of any Comments you make and you agree to indemnify eShop and its affiliates for all claims resulting from any Comments you submit. eShop and its affiliates take no responsibility and assume no liability for any Comments submitted by you or any third party.</div><div><br></div><div>Copyright & Trademark eShop.com and eShop.com, its suppliers and licensors expressly reserve all intellectual property rights in all text, programs, products, processes, technology, content and other materials, which appear on this Site. Access to this Website does not confer and shall not be considered as conferring upon anyone any license under any of eShop.com or any third party\\\'s intellectual property rights. All rights, including copyright, in this website are owned by or licensed to eShop.com from eShop.com. Any use of this website or its contents, including copying or storing it or them in whole or part, other than for your own personal, non-commercial use is prohibited without the permission of eShop.com and/or eShop.com. You may not modify, distribute or re-post anything on this website for any purpose.The names and logos and all related product and service names, design marks and slogans are the trademarks or service marks of eShop.com, eShop.com, its affiliates, its partners or its suppliers. All other marks are the property of their respective companies. No trademark or service mark license is granted in connection with the materials contained on this Site. Access to this Site does not authorize anyone to use any name, logo or mark in any manner.References on this Site to any names, marks, products or services of third parties or hypertext links to third party sites or information are provided solely as a convenience to you and do not in any way constitute or imply eShop.com or eShop.com\\\'s endorsement, sponsorship or recommendation of the third party, information, product or service. eShop.com or eShop.com is not responsible for the content of any third party sites and does not make any representations regarding the content or accuracy of material on such sites. If you decide to link to any such third party websites, you do so entirely at your own risk. All materials, including images, text, illustrations, designs, icons, photographs, programs, music clips or downloads, video clips and written and other materials that are part of this Website (collectively, the \\\"Contents\\\") are intended solely for personal, non-commercial use. You may download or copy the Contents and other downloadable materials displayed on the Website for your personal use only. No right, title or interest in any downloaded materials or software is transferred to you as a result of any such downloading or copying. You may not reproduce (except as noted above), publish, transmit, distribute, display, modify, create derivative works from, sell or participate in any sale of or exploit in any way, in whole or in part, any of the Contents, the Website or any related software. All software used on this Website is the property of eShop.com or its licensees and suppliers and protected by Indian and international copyright laws. The Contents and software on this Website may be used only as a shopping resource. Any other use, including the reproduction, modification, distribution, transmission, republication, display, or performance, of the Contents on this Website is strictly prohibited. Unless otherwise noted, all Contents are copyrights, trademarks, trade dress and/or other intellectual property owned, controlled or licensed by eShop.com, one of its affiliates or by third parties who have licensed their materials to eShop.com and are protected by Indian and international copyright laws. The compilation (meaning the collection, arrangement, and assembly) of all Contents on this Website is the exclusive property of eShop.com and eShop.com and is also protected by Indian and international copyright laws.</div><div><br></div><div>Objectionable Material You understand that by using this Site or any services provided on the Site, you may encounter Content that may be deemed by some to be offensive, indecent, or objectionable, which Content may or may not be identified as such. You agree to use the Site and any service at your sole risk and that to the fullest extent permitted under applicable law, eShop.com and/or eShop.com and its affiliates shall have no liability to you for Content that may be deemed offensive, indecent, or objectionable to you.</div><div><br></div><div>Indemnity You agree to defend, indemnify and hold harmless eShop.com, eShop.com, its employees, directors, Coordinators, officers, agents, interns and their successors and assigns from and against any and all claims, liabilities, damages, losses, costs and expenses, including attorney\\\'s fees, caused by or arising out of claims based upon your actions or inactions, which may result in any loss or liability to eShop.com or eShop.com or any third party including but not limited to breach of any warranties, representations or undertakings or in relation to the non-fulfillment of any of your obligations under this User Agreement or arising out of the violation of any applicable laws, regulations including but not limited to Intellectual Property Rights, payment of statutory dues and taxes, claim of libel, defamation, violation of rights of privacy or publicity, loss of service by other subscribers and infringement of intellectual property or other rights. This clause shall survive the expiry or termination of this User Agreement.</div><div><br></div><div>Termination This User Agreement is effective unless and until terminated by either you or eShop.com. You may terminate this User Agreement at any time, provided that you discontinue any further use of this Site. eShop.com may terminate this User Agreement at any time and may do so immediately without notice, and accordingly deny you access to the Site, Such termination will be without any liability to eShop.com. Upon any termination of the User Agreement by either you or eShop.com, you must promptly destroy all materials downloaded or otherwise obtained from this Site, as well as all copies of such materials, whether made under the User Agreement or otherwise. eShop.com\\\'s right to any Comments shall survive any termination of this User Agreement. Any such termination of the User Agreement shall not cancel your obligation to pay for the product already ordered from the Website or affect any liability that may have arisen under the User Agreement.</div>'),
(27, 'firebase_settings', NULL);

-- --------------------------------------------------------

--
-- Table structure for table `sliders`
--

CREATE TABLE `sliders` (
  `id` int(11) NOT NULL,
  `type` varchar(16) COLLATE utf8mb4_unicode_ci NOT NULL,
  `type_id` int(11) NOT NULL DEFAULT 0,
  `image` varchar(256) COLLATE utf8mb4_unicode_ci NOT NULL,
  `date_added` timestamp NOT NULL DEFAULT current_timestamp()
) ENGINE=MyISAM DEFAULT CHARSET=utf8mb4 COLLATE=utf8mb4_unicode_ci;

--
-- Dumping data for table `sliders`
--

INSERT INTO `sliders` (`id`, `type`, `type_id`, `image`, `date_added`) VALUES
(1, 'default', 0, 'uploads/media/2020/logo-460x11411.png', '2022-06-30 17:49:29');

-- --------------------------------------------------------

--
-- Table structure for table `system_notification`
--

CREATE TABLE `system_notification` (
  `id` int(11) NOT NULL,
  `title` varchar(256) DEFAULT NULL,
  `message` varchar(20) DEFAULT NULL,
  `type` varchar(256) DEFAULT NULL,
  `type_id` int(11) DEFAULT 0,
  `read_by` tinyint(4) NOT NULL DEFAULT 0,
  `date_sent` timestamp NOT NULL DEFAULT current_timestamp()
) ENGINE=InnoDB DEFAULT CHARSET=utf8;

--
-- Dumping data for table `system_notification`
--

INSERT INTO `system_notification` (`id`, `title`, `message`, `type`, `type_id`, `read_by`, `date_sent`) VALUES
(1, 'New order placed ID #1', 'New order received f', 'place_order', 1, 1, '2022-06-30 16:32:03'),
(2, 'New order placed ID #2', 'New order received f', 'place_order', 2, 1, '2022-06-30 16:58:22'),
(3, 'New order placed ID #3', 'New order received f', 'place_order', 3, 0, '2022-06-30 17:38:18'),
(4, 'New order placed ID #4', 'New order received f', 'place_order', 4, 0, '2022-07-01 11:40:28'),
(5, 'New order placed ID #5', 'New order received f', 'place_order', 5, 1, '2022-07-01 14:40:36');

-- --------------------------------------------------------

--
-- Table structure for table `taxes`
--

CREATE TABLE `taxes` (
  `id` int(11) NOT NULL,
  `title` mediumtext COLLATE utf8mb4_unicode_ci DEFAULT NULL,
  `percentage` mediumtext COLLATE utf8mb4_unicode_ci NOT NULL,
  `status` tinyint(2) NOT NULL DEFAULT 1
) ENGINE=InnoDB DEFAULT CHARSET=utf8mb4 COLLATE=utf8mb4_unicode_ci;

-- --------------------------------------------------------

--
-- Table structure for table `themes`
--

CREATE TABLE `themes` (
  `id` int(11) NOT NULL,
  `name` varchar(32) NOT NULL,
  `slug` varchar(32) NOT NULL,
  `image` varchar(512) DEFAULT NULL,
  `is_default` tinyint(4) NOT NULL DEFAULT 0,
  `status` tinyint(4) NOT NULL DEFAULT 0,
  `created_on` timestamp NOT NULL DEFAULT current_timestamp()
) ENGINE=InnoDB DEFAULT CHARSET=utf8;

--
-- Dumping data for table `themes`
--

INSERT INTO `themes` (`id`, `name`, `slug`, `image`, `is_default`, `status`, `created_on`) VALUES
(1, 'Classic', 'classic', 'classic.jpg', 1, 1, '2021-02-26 14:48:01');

-- --------------------------------------------------------

--
-- Table structure for table `tickets`
--

CREATE TABLE `tickets` (
  `id` int(11) NOT NULL,
  `ticket_type_id` int(11) NOT NULL,
  `user_id` int(11) NOT NULL,
  `subject` text DEFAULT NULL,
  `email` text DEFAULT NULL,
  `description` text DEFAULT NULL,
  `status` tinyint(4) NOT NULL DEFAULT 0,
  `last_updated` timestamp NOT NULL DEFAULT current_timestamp() ON UPDATE current_timestamp(),
  `date_created` timestamp NOT NULL DEFAULT current_timestamp()
) ENGINE=InnoDB DEFAULT CHARSET=utf8;

-- --------------------------------------------------------

--
-- Table structure for table `ticket_messages`
--

CREATE TABLE `ticket_messages` (
  `id` int(11) NOT NULL,
  `user_type` text DEFAULT NULL,
  `user_id` int(11) NOT NULL,
  `ticket_id` int(11) NOT NULL,
  `message` text DEFAULT NULL,
  `attachments` varchar(512) DEFAULT NULL,
  `last_updated` timestamp NOT NULL DEFAULT current_timestamp() ON UPDATE current_timestamp(),
  `date_created` timestamp NOT NULL DEFAULT current_timestamp()
) ENGINE=InnoDB DEFAULT CHARSET=utf8;

-- --------------------------------------------------------

--
-- Table structure for table `ticket_types`
--

CREATE TABLE `ticket_types` (
  `id` int(11) NOT NULL,
  `title` text DEFAULT NULL,
  `date_created` timestamp NOT NULL DEFAULT current_timestamp()
) ENGINE=InnoDB DEFAULT CHARSET=utf8;

--
-- Dumping data for table `ticket_types`
--

INSERT INTO `ticket_types` (`id`, `title`, `date_created`) VALUES
(1, 'complain', '2022-07-01 11:42:00');

-- --------------------------------------------------------

--
-- Table structure for table `time_slots`
--

CREATE TABLE `time_slots` (
  `id` int(11) NOT NULL,
  `title` varchar(256) COLLATE utf8mb4_unicode_ci NOT NULL,
  `from_time` time NOT NULL,
  `to_time` time NOT NULL,
  `last_order_time` time NOT NULL,
  `status` tinyint(4) NOT NULL
) ENGINE=MyISAM DEFAULT CHARSET=utf8mb4 COLLATE=utf8mb4_unicode_ci;

-- --------------------------------------------------------

--
-- Table structure for table `transactions`
--

CREATE TABLE `transactions` (
  `id` int(11) NOT NULL,
  `transaction_type` varchar(16) COLLATE utf8mb4_unicode_ci NOT NULL,
  `user_id` int(11) NOT NULL,
  `order_id` varchar(128) COLLATE utf8mb4_unicode_ci DEFAULT NULL,
  `type` varchar(64) COLLATE utf8mb4_unicode_ci DEFAULT NULL,
  `txn_id` varchar(256) COLLATE utf8mb4_unicode_ci DEFAULT NULL,
  `payu_txn_id` varchar(512) COLLATE utf8mb4_unicode_ci DEFAULT NULL,
  `amount` double NOT NULL,
  `status` varchar(12) COLLATE utf8mb4_unicode_ci DEFAULT NULL,
  `currency_code` varchar(5) COLLATE utf8mb4_unicode_ci DEFAULT NULL,
  `payer_email` varchar(64) COLLATE utf8mb4_unicode_ci DEFAULT NULL,
  `message` varchar(128) COLLATE utf8mb4_unicode_ci NOT NULL,
  `transaction_date` timestamp NULL DEFAULT current_timestamp(),
  `date_created` timestamp NOT NULL DEFAULT current_timestamp()
) ENGINE=InnoDB DEFAULT CHARSET=utf8mb4 COLLATE=utf8mb4_unicode_ci;

--
-- Dumping data for table `transactions`
--

INSERT INTO `transactions` (`id`, `transaction_type`, `user_id`, `order_id`, `type`, `txn_id`, `payu_txn_id`, `amount`, `status`, `currency_code`, `payer_email`, `message`, `transaction_date`, `date_created`) VALUES
(1, 'transaction', 1, '2', 'bank_transfer', '', NULL, 200, 'awaiting', NULL, NULL, '', '2022-06-30 16:58:23', '2022-06-30 16:58:23'),
(2, 'transaction', 1, '3', 'bank_transfer', '', NULL, 8000, 'awaiting', NULL, NULL, '', '2022-06-30 17:38:19', '2022-06-30 17:38:19'),
(3, 'transaction', 143, '4', 'cod', '', NULL, 1010, 'success', NULL, NULL, 'Order Delivered Successfully', '2022-07-01 11:40:28', '2022-07-01 11:40:28'),
(4, 'transaction', 1, '5', 'bank_transfer', '00909', NULL, 800, 'Success', NULL, NULL, '', '2022-07-01 14:40:37', '2022-07-01 14:40:37');

-- --------------------------------------------------------

--
-- Table structure for table `updates`
--

CREATE TABLE `updates` (
  `id` int(11) NOT NULL,
  `version` varchar(32) COLLATE utf8mb4_unicode_ci NOT NULL
) ENGINE=InnoDB DEFAULT CHARSET=utf8mb4 COLLATE=utf8mb4_unicode_ci;

--
-- Dumping data for table `updates`
--

INSERT INTO `updates` (`id`, `version`) VALUES
(1, '1.0'),
(2, '1.1'),
(3, '1.1.1'),
(4, '1.1.2'),
(5, '2.0.0'),
(6, '2.0.1'),
(7, '2.0.2'),
(8, '2.0.3'),
(9, '2.0.3.1'),
(10, '2.0.3.2'),
(11, '2.0.4'),
(12, '2.0.5'),
(13, '2.0.5.1'),
(14, '2.0.5.2'),
(15, '2.1.0'),
(16, '2.1.0.1'),
(17, '2.1.1'),
(18, '2.2.0'),
(19, '3.0.0'),
(22, '3.0.1'),
(24, '3.0.2');

-- --------------------------------------------------------

--
-- Table structure for table `users`
--

CREATE TABLE `users` (
  `id` int(11) NOT NULL,
  `ip_address` varchar(45) COLLATE utf8mb4_unicode_ci DEFAULT NULL,
  `username` varchar(100) COLLATE utf8mb4_unicode_ci NOT NULL,
  `password` varchar(255) COLLATE utf8mb4_unicode_ci NOT NULL,
  `email` varchar(254) COLLATE utf8mb4_unicode_ci DEFAULT NULL,
  `mobile` varchar(20) COLLATE utf8mb4_unicode_ci DEFAULT NULL,
  `image` text COLLATE utf8mb4_unicode_ci DEFAULT NULL,
  `balance` double DEFAULT 0,
  `activation_selector` varchar(255) COLLATE utf8mb4_unicode_ci DEFAULT NULL,
  `activation_code` varchar(255) COLLATE utf8mb4_unicode_ci DEFAULT NULL,
  `forgotten_password_selector` varchar(255) COLLATE utf8mb4_unicode_ci DEFAULT NULL,
  `forgotten_password_code` varchar(255) COLLATE utf8mb4_unicode_ci DEFAULT NULL,
  `forgotten_password_time` int(11) DEFAULT NULL,
  `remember_selector` varchar(255) COLLATE utf8mb4_unicode_ci DEFAULT NULL,
  `remember_code` varchar(255) COLLATE utf8mb4_unicode_ci DEFAULT NULL,
  `created_on` int(11) UNSIGNED NOT NULL,
  `last_login` int(11) UNSIGNED DEFAULT NULL,
  `active` tinyint(1) UNSIGNED DEFAULT NULL,
  `company` varchar(100) COLLATE utf8mb4_unicode_ci DEFAULT NULL,
  `address` varchar(255) COLLATE utf8mb4_unicode_ci DEFAULT NULL,
  `bonus` int(11) DEFAULT NULL,
  `cash_received` double(15,2) NOT NULL DEFAULT 0.00,
  `dob` varchar(16) COLLATE utf8mb4_unicode_ci DEFAULT NULL,
  `country_code` int(11) DEFAULT NULL,
  `city` text COLLATE utf8mb4_unicode_ci DEFAULT NULL,
  `area` text COLLATE utf8mb4_unicode_ci DEFAULT NULL,
  `street` text COLLATE utf8mb4_unicode_ci DEFAULT NULL,
  `pincode` varchar(32) COLLATE utf8mb4_unicode_ci DEFAULT NULL,
  `apikey` varchar(32) COLLATE utf8mb4_unicode_ci DEFAULT NULL,
  `referral_code` varchar(32) COLLATE utf8mb4_unicode_ci DEFAULT NULL,
  `friends_code` varchar(28) COLLATE utf8mb4_unicode_ci DEFAULT NULL,
  `fcm_id` text COLLATE utf8mb4_unicode_ci DEFAULT NULL,
  `latitude` varchar(64) COLLATE utf8mb4_unicode_ci DEFAULT NULL,
  `longitude` varchar(64) COLLATE utf8mb4_unicode_ci DEFAULT NULL,
  `created_at` timestamp NOT NULL DEFAULT current_timestamp()
) ENGINE=InnoDB DEFAULT CHARSET=utf8mb4 COLLATE=utf8mb4_unicode_ci;

--
-- Dumping data for table `users`
--

INSERT INTO `users` (`id`, `ip_address`, `username`, `password`, `email`, `mobile`, `image`, `balance`, `activation_selector`, `activation_code`, `forgotten_password_selector`, `forgotten_password_code`, `forgotten_password_time`, `remember_selector`, `remember_code`, `created_on`, `last_login`, `active`, `company`, `address`, `bonus`, `cash_received`, `dob`, `country_code`, `city`, `area`, `street`, `pincode`, `apikey`, `referral_code`, `friends_code`, `fcm_id`, `latitude`, `longitude`, `created_at`) VALUES
(1, '127.0.0.1', 'Administrator', '$2y$12$l/pK5YIBwfyNsNMMJ0fY5.X5UWK9JHM1beTk3Xm9GD73rdZxX0vC6', 'admin@gmail.com', '9876543210', NULL, 0, NULL, NULL, NULL, NULL, NULL, NULL, NULL, 1268889823, 1663411102, 1, 'ADMIN', NULL, NULL, 0.00, NULL, 91, '44', '138', NULL, NULL, NULL, NULL, NULL, 'dJXa6kH3Tzm6NBGwON5fhe:APA91bEFYijAUaRSRliyj0JXMTFm7SRGtXBFWoIOwH8f7VwkdG5xy0JsUpBH8sqO-_dGGZFxkP1oocj3kpKh-gOfkVDsaiqUYE_lunE7dlCqec9W-iL4kda6vO7qtOn7pFsAk6D2qLwz', NULL, NULL, '2020-06-30 10:20:08'),
(141, '::1', '12345', '$2y$12$CvivkRTB1gBI8UgWqS4XzuCyBPm7Pk8Z8glDHEPmcJN7M0CbYo/xm', 'a@a.com', '12345', NULL, 0, NULL, NULL, NULL, NULL, NULL, NULL, NULL, 1656607676, 1656607879, 1, NULL, NULL, NULL, 0.00, NULL, NULL, NULL, NULL, NULL, NULL, NULL, NULL, NULL, NULL, NULL, NULL, '2022-06-30 16:47:56'),
(142, '::1', 'aramex', '$2y$10$eKf/7Th6jA.DWrQudDmet.qQGKoFc4iRKng2m/DZXGVT3JEDOGRbC', 'sss@ss.com', '01111111', NULL, 0, '4fc0c60f31f862d87bb2', '$2y$10$FPwI3UrTQklNDVaKiJkeE.GmcBVgEXUupUGwOVQeGr9TktAvKcN1a', NULL, NULL, NULL, NULL, NULL, 1656675372, NULL, 1, NULL, 'ahkh', 0, 0.00, NULL, NULL, NULL, NULL, NULL, NULL, NULL, NULL, NULL, NULL, NULL, NULL, '2022-07-01 11:36:12'),
(143, '::1', 'mohamed', '$2y$10$WVGcK7p6mxaOTiJd76m4lOGtx7tmBM.f8Y6pOBn/NXq9v77gq1YhW', ' ', '12345678', NULL, 0, 'ce02f8ef166802a7cf65', '$2y$10$o8DCH0m1VcLZQjX0u6yjY.bN.K2wuViUPaWGItubUTOuMUJHoD6UW', NULL, NULL, NULL, NULL, NULL, 1656675607, NULL, 1, NULL, NULL, NULL, 0.00, NULL, NULL, NULL, NULL, NULL, NULL, NULL, NULL, NULL, NULL, NULL, NULL, '2022-07-01 11:40:08'),
(144, '::1', 'moh', '$2y$10$MuSw.RMGz14K.C7zSHSBJ.8bsuVEBjPJ8Sz8Y4wgMLtIY7LLYIzCy', 'conan87@hotmail.com', '1022049866', NULL, 0, 'a61dd1f0a292d15d4fbf', '$2y$10$Vl9Ot98iOvyTI/X7lwqcBeRmZgE3i4cCncUnlhQISAx3rE8TPOuH2', NULL, NULL, NULL, NULL, NULL, 1657724128, 1657724217, 1, NULL, NULL, NULL, 0.00, NULL, 20, NULL, NULL, NULL, NULL, NULL, NULL, NULL, NULL, NULL, NULL, '2022-07-13 14:55:28');

-- --------------------------------------------------------

--
-- Table structure for table `users_groups`
--

CREATE TABLE `users_groups` (
  `id` int(11) UNSIGNED NOT NULL,
  `user_id` int(11) UNSIGNED NOT NULL,
  `group_id` mediumint(8) UNSIGNED NOT NULL
) ENGINE=InnoDB DEFAULT CHARSET=utf8mb4 COLLATE=utf8mb4_unicode_ci;

--
-- Dumping data for table `users_groups`
--

INSERT INTO `users_groups` (`id`, `user_id`, `group_id`) VALUES
(1, 1, 1),
(128, 141, 1),
(129, 142, 3),
(130, 143, 2),
(131, 144, 2);

-- --------------------------------------------------------

--
-- Table structure for table `user_permissions`
--

CREATE TABLE `user_permissions` (
  `id` int(11) NOT NULL,
  `user_id` int(11) NOT NULL,
  `role` int(11) NOT NULL,
  `permissions` mediumtext COLLATE utf8mb4_unicode_ci DEFAULT NULL,
  `created_by` timestamp NOT NULL DEFAULT current_timestamp() ON UPDATE current_timestamp()
) ENGINE=InnoDB DEFAULT CHARSET=utf8mb4 COLLATE=utf8mb4_unicode_ci;

--
-- Dumping data for table `user_permissions`
--

INSERT INTO `user_permissions` (`id`, `user_id`, `role`, `permissions`, `created_by`) VALUES
(1, 1, 0, NULL, '2020-11-18 04:44:05'),
(7, 141, 0, NULL, '2022-06-30 16:47:56');

-- --------------------------------------------------------

--
-- Table structure for table `wallet_transactions`
--

CREATE TABLE `wallet_transactions` (
  `id` int(11) NOT NULL,
  `user_id` int(11) NOT NULL,
  `type` varchar(8) COLLATE utf8mb4_unicode_ci NOT NULL COMMENT 'credit | debit',
  `amount` double NOT NULL,
  `message` varchar(512) COLLATE utf8mb4_unicode_ci NOT NULL,
  `status` tinyint(4) NOT NULL,
  `date_created` timestamp NOT NULL DEFAULT current_timestamp(),
  `last_updated` timestamp NULL DEFAULT NULL ON UPDATE current_timestamp()
) ENGINE=MyISAM DEFAULT CHARSET=utf8mb4 COLLATE=utf8mb4_unicode_ci;

-- --------------------------------------------------------

--
-- Table structure for table `zipcodes`
--

CREATE TABLE `zipcodes` (
  `id` int(11) NOT NULL,
  `zipcode` varchar(512) DEFAULT NULL,
  `date_created` timestamp NOT NULL DEFAULT current_timestamp()
) ENGINE=InnoDB DEFAULT CHARSET=utf8;

--
-- Dumping data for table `zipcodes`
--

INSERT INTO `zipcodes` (`id`, `zipcode`, `date_created`) VALUES
(1, '31111', '2022-06-30 16:29:40');

--
-- Indexes for dumped tables
--

--
-- Indexes for table `addresses`
--
ALTER TABLE `addresses`
  ADD PRIMARY KEY (`id`),
  ADD KEY `user_id` (`user_id`);

--
-- Indexes for table `areas`
--
ALTER TABLE `areas`
  ADD PRIMARY KEY (`id`);

--
-- Indexes for table `attributes`
--
ALTER TABLE `attributes`
  ADD PRIMARY KEY (`id`),
  ADD KEY `attribute_set_id` (`attribute_set_id`);

--
-- Indexes for table `attribute_set`
--
ALTER TABLE `attribute_set`
  ADD PRIMARY KEY (`id`);

--
-- Indexes for table `attribute_values`
--
ALTER TABLE `attribute_values`
  ADD PRIMARY KEY (`id`);

--
-- Indexes for table `cart`
--
ALTER TABLE `cart`
  ADD PRIMARY KEY (`id`),
  ADD KEY `user_id` (`user_id`),
  ADD KEY `product_variant_id` (`product_variant_id`);

--
-- Indexes for table `categories`
--
ALTER TABLE `categories`
  ADD PRIMARY KEY (`id`),
  ADD KEY `parent_id` (`parent_id`);

--
-- Indexes for table `cities`
--
ALTER TABLE `cities`
  ADD PRIMARY KEY (`id`);

--
-- Indexes for table `client_api_keys`
--
ALTER TABLE `client_api_keys`
  ADD PRIMARY KEY (`id`);

--
-- Indexes for table `delivery_boy_notifications`
--
ALTER TABLE `delivery_boy_notifications`
  ADD PRIMARY KEY (`id`),
  ADD KEY `delivery_boy_id` (`delivery_boy_id`),
  ADD KEY `order_id` (`order_id`);

--
-- Indexes for table `faqs`
--
ALTER TABLE `faqs`
  ADD PRIMARY KEY (`id`);

--
-- Indexes for table `favorites`
--
ALTER TABLE `favorites`
  ADD PRIMARY KEY (`id`),
  ADD KEY `user_id` (`user_id`),
  ADD KEY `product_id` (`product_id`);

--
-- Indexes for table `fund_transfers`
--
ALTER TABLE `fund_transfers`
  ADD PRIMARY KEY (`id`),
  ADD KEY `delivery_boy_id` (`delivery_boy_id`);

--
-- Indexes for table `groups`
--
ALTER TABLE `groups`
  ADD PRIMARY KEY (`id`);

--
-- Indexes for table `languages`
--
ALTER TABLE `languages`
  ADD PRIMARY KEY (`id`);

--
-- Indexes for table `login_attempts`
--
ALTER TABLE `login_attempts`
  ADD PRIMARY KEY (`id`);

--
-- Indexes for table `media`
--
ALTER TABLE `media`
  ADD PRIMARY KEY (`id`);

--
-- Indexes for table `notifications`
--
ALTER TABLE `notifications`
  ADD PRIMARY KEY (`id`);

--
-- Indexes for table `offers`
--
ALTER TABLE `offers`
  ADD PRIMARY KEY (`id`);

--
-- Indexes for table `orders`
--
ALTER TABLE `orders`
  ADD PRIMARY KEY (`id`),
  ADD KEY `user_id` (`user_id`),
  ADD KEY `delivery_boy_id` (`delivery_boy_id`);

--
-- Indexes for table `order_bank_transfer`
--
ALTER TABLE `order_bank_transfer`
  ADD PRIMARY KEY (`id`);

--
-- Indexes for table `order_items`
--
ALTER TABLE `order_items`
  ADD PRIMARY KEY (`id`),
  ADD KEY `order_id` (`order_id`),
  ADD KEY `product_variant_id` (`product_variant_id`),
  ADD KEY `user_id` (`user_id`);

--
-- Indexes for table `order_tracking`
--
ALTER TABLE `order_tracking`
  ADD PRIMARY KEY (`id`);

--
-- Indexes for table `payment_requests`
--
ALTER TABLE `payment_requests`
  ADD PRIMARY KEY (`id`),
  ADD KEY `user_id` (`user_id`);

--
-- Indexes for table `press`
--
ALTER TABLE `press`
  ADD PRIMARY KEY (`id`);

--
-- Indexes for table `products`
--
ALTER TABLE `products`
  ADD PRIMARY KEY (`id`),
  ADD KEY `category_id` (`category_id`);

--
-- Indexes for table `product_attributes`
--
ALTER TABLE `product_attributes`
  ADD PRIMARY KEY (`id`),
  ADD KEY `product_id` (`product_id`);

--
-- Indexes for table `product_rating`
--
ALTER TABLE `product_rating`
  ADD PRIMARY KEY (`id`),
  ADD KEY `user_id` (`user_id`),
  ADD KEY `product_id` (`product_id`);

--
-- Indexes for table `product_variants`
--
ALTER TABLE `product_variants`
  ADD PRIMARY KEY (`id`),
  ADD KEY `product_id` (`product_id`);

--
-- Indexes for table `promo_codes`
--
ALTER TABLE `promo_codes`
  ADD PRIMARY KEY (`id`);

--
-- Indexes for table `return_requests`
--
ALTER TABLE `return_requests`
  ADD PRIMARY KEY (`id`),
  ADD KEY `user_id` (`user_id`),
  ADD KEY `product_id` (`product_id`);

--
-- Indexes for table `sections`
--
ALTER TABLE `sections`
  ADD PRIMARY KEY (`id`);

--
-- Indexes for table `settings`
--
ALTER TABLE `settings`
  ADD PRIMARY KEY (`id`),
  ADD KEY `variable` (`variable`);

--
-- Indexes for table `sliders`
--
ALTER TABLE `sliders`
  ADD PRIMARY KEY (`id`);

--
-- Indexes for table `system_notification`
--
ALTER TABLE `system_notification`
  ADD PRIMARY KEY (`id`);

--
-- Indexes for table `taxes`
--
ALTER TABLE `taxes`
  ADD PRIMARY KEY (`id`);

--
-- Indexes for table `themes`
--
ALTER TABLE `themes`
  ADD PRIMARY KEY (`id`);

--
-- Indexes for table `tickets`
--
ALTER TABLE `tickets`
  ADD PRIMARY KEY (`id`);

--
-- Indexes for table `ticket_messages`
--
ALTER TABLE `ticket_messages`
  ADD PRIMARY KEY (`id`);

--
-- Indexes for table `ticket_types`
--
ALTER TABLE `ticket_types`
  ADD PRIMARY KEY (`id`);

--
-- Indexes for table `time_slots`
--
ALTER TABLE `time_slots`
  ADD PRIMARY KEY (`id`);

--
-- Indexes for table `transactions`
--
ALTER TABLE `transactions`
  ADD PRIMARY KEY (`id`),
  ADD KEY `order_id` (`order_id`),
  ADD KEY `user_id` (`user_id`);

--
-- Indexes for table `updates`
--
ALTER TABLE `updates`
  ADD PRIMARY KEY (`id`);

--
-- Indexes for table `users`
--
ALTER TABLE `users`
  ADD PRIMARY KEY (`id`),
  ADD KEY `mobile` (`mobile`),
  ADD KEY `email` (`email`);

--
-- Indexes for table `users_groups`
--
ALTER TABLE `users_groups`
  ADD PRIMARY KEY (`id`),
  ADD UNIQUE KEY `uc_users_groups` (`user_id`,`group_id`),
  ADD KEY `fk_users_groups_users1_idx` (`user_id`),
  ADD KEY `fk_users_groups_groups1_idx` (`group_id`);

--
-- Indexes for table `user_permissions`
--
ALTER TABLE `user_permissions`
  ADD PRIMARY KEY (`id`),
  ADD KEY `user_id` (`user_id`);

--
-- Indexes for table `wallet_transactions`
--
ALTER TABLE `wallet_transactions`
  ADD PRIMARY KEY (`id`),
  ADD KEY `user_id` (`user_id`);

--
-- Indexes for table `zipcodes`
--
ALTER TABLE `zipcodes`
  ADD PRIMARY KEY (`id`);

--
-- AUTO_INCREMENT for dumped tables
--

--
-- AUTO_INCREMENT for table `addresses`
--
ALTER TABLE `addresses`
  MODIFY `id` int(11) NOT NULL AUTO_INCREMENT, AUTO_INCREMENT=2;

--
-- AUTO_INCREMENT for table `areas`
--
ALTER TABLE `areas`
  MODIFY `id` int(11) NOT NULL AUTO_INCREMENT, AUTO_INCREMENT=2;

--
-- AUTO_INCREMENT for table `attributes`
--
ALTER TABLE `attributes`
  MODIFY `id` int(11) NOT NULL AUTO_INCREMENT, AUTO_INCREMENT=11;

--
-- AUTO_INCREMENT for table `attribute_set`
--
ALTER TABLE `attribute_set`
  MODIFY `id` int(11) NOT NULL AUTO_INCREMENT, AUTO_INCREMENT=5;

--
-- AUTO_INCREMENT for table `attribute_values`
--
ALTER TABLE `attribute_values`
  MODIFY `id` int(11) NOT NULL AUTO_INCREMENT, AUTO_INCREMENT=16;

--
-- AUTO_INCREMENT for table `cart`
--
ALTER TABLE `cart`
  MODIFY `id` int(11) NOT NULL AUTO_INCREMENT, AUTO_INCREMENT=17;

--
-- AUTO_INCREMENT for table `categories`
--
ALTER TABLE `categories`
  MODIFY `id` int(11) NOT NULL AUTO_INCREMENT, AUTO_INCREMENT=101;

--
-- AUTO_INCREMENT for table `cities`
--
ALTER TABLE `cities`
  MODIFY `id` int(11) NOT NULL AUTO_INCREMENT, AUTO_INCREMENT=3;

--
-- AUTO_INCREMENT for table `client_api_keys`
--
ALTER TABLE `client_api_keys`
  MODIFY `id` int(11) NOT NULL AUTO_INCREMENT, AUTO_INCREMENT=2;

--
-- AUTO_INCREMENT for table `delivery_boy_notifications`
--
ALTER TABLE `delivery_boy_notifications`
  MODIFY `id` int(11) NOT NULL AUTO_INCREMENT;

--
-- AUTO_INCREMENT for table `faqs`
--
ALTER TABLE `faqs`
  MODIFY `id` int(11) NOT NULL AUTO_INCREMENT;

--
-- AUTO_INCREMENT for table `favorites`
--
ALTER TABLE `favorites`
  MODIFY `id` int(11) NOT NULL AUTO_INCREMENT, AUTO_INCREMENT=2;

--
-- AUTO_INCREMENT for table `fund_transfers`
--
ALTER TABLE `fund_transfers`
  MODIFY `id` int(11) NOT NULL AUTO_INCREMENT;

--
-- AUTO_INCREMENT for table `groups`
--
ALTER TABLE `groups`
  MODIFY `id` mediumint(8) UNSIGNED NOT NULL AUTO_INCREMENT, AUTO_INCREMENT=4;

--
-- AUTO_INCREMENT for table `languages`
--
ALTER TABLE `languages`
  MODIFY `id` int(11) NOT NULL AUTO_INCREMENT, AUTO_INCREMENT=3;

--
-- AUTO_INCREMENT for table `login_attempts`
--
ALTER TABLE `login_attempts`
  MODIFY `id` int(11) UNSIGNED NOT NULL AUTO_INCREMENT;

--
-- AUTO_INCREMENT for table `media`
--
ALTER TABLE `media`
  MODIFY `id` int(11) NOT NULL AUTO_INCREMENT, AUTO_INCREMENT=5;

--
-- AUTO_INCREMENT for table `notifications`
--
ALTER TABLE `notifications`
  MODIFY `id` int(11) NOT NULL AUTO_INCREMENT, AUTO_INCREMENT=5;

--
-- AUTO_INCREMENT for table `offers`
--
ALTER TABLE `offers`
  MODIFY `id` int(11) NOT NULL AUTO_INCREMENT, AUTO_INCREMENT=2;

--
-- AUTO_INCREMENT for table `orders`
--
ALTER TABLE `orders`
  MODIFY `id` int(11) NOT NULL AUTO_INCREMENT, AUTO_INCREMENT=6;

--
-- AUTO_INCREMENT for table `order_bank_transfer`
--
ALTER TABLE `order_bank_transfer`
  MODIFY `id` int(11) NOT NULL AUTO_INCREMENT;

--
-- AUTO_INCREMENT for table `order_items`
--
ALTER TABLE `order_items`
  MODIFY `id` int(11) NOT NULL AUTO_INCREMENT, AUTO_INCREMENT=9;

--
-- AUTO_INCREMENT for table `order_tracking`
--
ALTER TABLE `order_tracking`
  MODIFY `id` int(11) NOT NULL AUTO_INCREMENT;

--
-- AUTO_INCREMENT for table `payment_requests`
--
ALTER TABLE `payment_requests`
  MODIFY `id` int(11) NOT NULL AUTO_INCREMENT;

--
-- AUTO_INCREMENT for table `press`
--
ALTER TABLE `press`
  MODIFY `id` int(11) NOT NULL AUTO_INCREMENT, AUTO_INCREMENT=9;

--
-- AUTO_INCREMENT for table `products`
--
ALTER TABLE `products`
  MODIFY `id` int(11) NOT NULL AUTO_INCREMENT, AUTO_INCREMENT=10;

--
-- AUTO_INCREMENT for table `product_attributes`
--
ALTER TABLE `product_attributes`
  MODIFY `id` int(11) NOT NULL AUTO_INCREMENT, AUTO_INCREMENT=10;

--
-- AUTO_INCREMENT for table `product_rating`
--
ALTER TABLE `product_rating`
  MODIFY `id` int(11) NOT NULL AUTO_INCREMENT;

--
-- AUTO_INCREMENT for table `product_variants`
--
ALTER TABLE `product_variants`
  MODIFY `id` int(11) NOT NULL AUTO_INCREMENT, AUTO_INCREMENT=23;

--
-- AUTO_INCREMENT for table `promo_codes`
--
ALTER TABLE `promo_codes`
  MODIFY `id` int(11) NOT NULL AUTO_INCREMENT, AUTO_INCREMENT=2;

--
-- AUTO_INCREMENT for table `return_requests`
--
ALTER TABLE `return_requests`
  MODIFY `id` int(11) NOT NULL AUTO_INCREMENT;

--
-- AUTO_INCREMENT for table `sections`
--
ALTER TABLE `sections`
  MODIFY `id` int(11) NOT NULL AUTO_INCREMENT, AUTO_INCREMENT=3;

--
-- AUTO_INCREMENT for table `settings`
--
ALTER TABLE `settings`
  MODIFY `id` int(11) NOT NULL AUTO_INCREMENT, AUTO_INCREMENT=28;

--
-- AUTO_INCREMENT for table `sliders`
--
ALTER TABLE `sliders`
  MODIFY `id` int(11) NOT NULL AUTO_INCREMENT, AUTO_INCREMENT=2;

--
-- AUTO_INCREMENT for table `system_notification`
--
ALTER TABLE `system_notification`
  MODIFY `id` int(11) NOT NULL AUTO_INCREMENT, AUTO_INCREMENT=6;

--
-- AUTO_INCREMENT for table `taxes`
--
ALTER TABLE `taxes`
  MODIFY `id` int(11) NOT NULL AUTO_INCREMENT;

--
-- AUTO_INCREMENT for table `themes`
--
ALTER TABLE `themes`
  MODIFY `id` int(11) NOT NULL AUTO_INCREMENT, AUTO_INCREMENT=2;

--
-- AUTO_INCREMENT for table `tickets`
--
ALTER TABLE `tickets`
  MODIFY `id` int(11) NOT NULL AUTO_INCREMENT;

--
-- AUTO_INCREMENT for table `ticket_messages`
--
ALTER TABLE `ticket_messages`
  MODIFY `id` int(11) NOT NULL AUTO_INCREMENT;

--
-- AUTO_INCREMENT for table `ticket_types`
--
ALTER TABLE `ticket_types`
  MODIFY `id` int(11) NOT NULL AUTO_INCREMENT, AUTO_INCREMENT=2;

--
-- AUTO_INCREMENT for table `time_slots`
--
ALTER TABLE `time_slots`
  MODIFY `id` int(11) NOT NULL AUTO_INCREMENT;

--
-- AUTO_INCREMENT for table `transactions`
--
ALTER TABLE `transactions`
  MODIFY `id` int(11) NOT NULL AUTO_INCREMENT, AUTO_INCREMENT=5;

--
-- AUTO_INCREMENT for table `updates`
--
ALTER TABLE `updates`
  MODIFY `id` int(11) NOT NULL AUTO_INCREMENT, AUTO_INCREMENT=25;

--
-- AUTO_INCREMENT for table `users`
--
ALTER TABLE `users`
  MODIFY `id` int(11) NOT NULL AUTO_INCREMENT, AUTO_INCREMENT=145;

--
-- AUTO_INCREMENT for table `users_groups`
--
ALTER TABLE `users_groups`
  MODIFY `id` int(11) UNSIGNED NOT NULL AUTO_INCREMENT, AUTO_INCREMENT=132;

--
-- AUTO_INCREMENT for table `user_permissions`
--
ALTER TABLE `user_permissions`
  MODIFY `id` int(11) NOT NULL AUTO_INCREMENT, AUTO_INCREMENT=8;

--
-- AUTO_INCREMENT for table `wallet_transactions`
--
ALTER TABLE `wallet_transactions`
  MODIFY `id` int(11) NOT NULL AUTO_INCREMENT;

--
-- AUTO_INCREMENT for table `zipcodes`
--
ALTER TABLE `zipcodes`
  MODIFY `id` int(11) NOT NULL AUTO_INCREMENT, AUTO_INCREMENT=2;
COMMIT;

/*!40101 SET CHARACTER_SET_CLIENT=@OLD_CHARACTER_SET_CLIENT */;
/*!40101 SET CHARACTER_SET_RESULTS=@OLD_CHARACTER_SET_RESULTS */;
/*!40101 SET COLLATION_CONNECTION=@OLD_COLLATION_CONNECTION */;
